,Company Name,Ticker,Exchange,Sector,Industry,Optionable,Last Close,Beta,Market Cap (mil),Month of Fiscal Yr End,P/E (Trailing 12 Months),P/E (F1),P/E (F2),F0 Consensus Est.,F1 Consensus Est.,F2 Consensus Est.,PEG Ratio
1,Alcoa,AA,NYSE,Industrial Products,Metal Products - Distribution,YES,35.57,2.42,6345.74,12,25.23,,9.91,4.63,-0.38,3.59,
9,Advantage Oil & Gas,AAVVF,OTC,Oils-Energy,Alternative Energy - Other,NO,6.56,1.9,1102.23,12,5.86,,,,,,
15,AbCellera Biologics,ABCL,NSDQ,Medical,Medical - Biomedical and Genetics,YES,7.55,-0.14,2179.9,12,,,,0.62,-0.57,-0.64,
24,ACADIA Pharmaceuticals,ACAD,NSDQ,Medical,Medical - Biomedical and Genetics,YES,33.465,0.51,5442.41,12,,,156.65,-1.32,-0.33,0.21,
25,Accolade,ACCD,NSDQ,Business Services,Technology Services,YES,13.98,1.71,1057.32,2,,,,-6.5,-1.73,-1.55,
28,Agri Bank China,ACGBY,OTC,Finance,Banks - Foreign,NO,8.35,0.27,116894.34,12,3.24,,,,,,
31,Archer Aviation,ACHR,NYSE,Aerospace,Aerospace - Defense,YES,5.28,2.28,1306.52,12,,,,-0.94,-1.26,-1.0,
35,Arcellx,ACLX,NSDQ,Medical,Medical - Biomedical and Genetics,YES,34.15,-0.71,1639.2,12,,,,-5.0,-1.61,-2.6,
39,ACV Auctions,ACVA,NSDQ,Retail-Wholesale,Internet - Commerce,YES,17.68,1.36,2824.11,12,,,128.58,-0.41,-0.2,0.14,
40,,ACWI,NSDQ,Finance,Financial - Investment Funds,YES,97.93,0.93,18175.81,12,,,,,,,
43,Adidas,ADDYY,OTC,Consumer Discretionary,Shoes and Retail Apparel ,NO,97.195,1.08,37244.12,12,,,45.98,0.62,-1.43,2.11,
44,ADEIA INC,ADEA,NSDQ,Business Services,Technology Services,YES,11.79,1.19,1253.7,12,6.85,8.61,,2.14,1.37,,
49,Adaptive Biotechnologies,ADPT,NSDQ,Medical,Medical - Biomedical and Genetics,YES,7.37,1.15,1063.57,12,,,,-1.5,-1.2,-0.92,
51,Andritz,ADRZY,OTC,Industrial Products,Industrial Services,NO,10.7725,0.8,5601.7,12,,,,0.88,,,
55,ADVA Optical,ADVOF,OTC,Computer and Technology,Communication - Network Software,NO,20.93,0.98,1086.32,12,65.41,,,,,,
56,,ADX,NYSE,Finance,Financial - Investment Funds,NO,17.18,1.01,2075.53,12,,,,,,,
60,Aehr Test Systems,AEHR,NSDQ,Computer and Technology,Electronics - Measuring Instruments,YES,52.17,1.97,1478.4,5,86.95,52.17,,0.56,1.0,,
68,Atlas Energy Solutions Inc.,AESI,NYSE,Oils-Energy,Oil and Gas - Integrated - United States,YES,17.15,,1715.0,12,,6.99,5.5,,2.45,3.12,
69,Arc Resources,AETUF,OTC,Oils-Energy,Oil and Gas - Exploration and Production - Canadian,NO,13.88,1.34,8469.92,12,4.01,,,,,,
70,ATOS ORIGIN,AEXAY,OTC,Business Services,Technology Services,NO,3.26,1.44,1808.51,12,,,,,,,
74,Affirm,AFRM,NSDQ,Business Services,Business - Services,YES,17.12,3.05,5062.14,6,,,,-3.52,-3.0,-2.74,
76,First Majestic Silver,AG,NYSE,Basic Materials,Mining - Silver,YES,6.64,1.04,1885.41,12,,,16.6,-0.21,-0.02,0.4,
79,,AGG,NYSE,Finance,Financial - Investment Funds,YES,98.05,0.11,92882.77,12,,,,,,,
81,Agios Pharmaceuticals,AGIO,NSDQ,Medical,Medical - Products,YES,27.16,0.97,1509.57,12,,,,-6.52,-6.32,-5.0,
82,Agilon Health,AGL,NYSE,Medical,Medical Services,YES,16.97,0.95,7039.72,12,,,152.54,-0.21,-0.1,0.11,
85,Assured Guaranty,AGO,NYSE,Finance,Insurance - Multi line,YES,57.65,1.11,3421.01,12,14.74,12.53,10.2,,4.6,5.65,
89,Agilysys,AGYS,NSDQ,Computer and Technology,Computer - Integrated Systems,YES,67.79,0.88,1720.04,3,69.89,92.86,,0.93,0.73,,
90,Anhui Conch Cement,AHCHY,OTC,Construction,Building Products - Concrete and Aggregates,NO,12.445,0.53,13189.96,12,,7.15,6.22,,1.74,2.0,
94,Asahi Kasei,AHKSY,OTC,Basic Materials,Chemical - Diversified ,NO,13.75,0.73,9583.28,3,14.03,,,,,,
95,C3.ai,AI,NYSE,Computer and Technology,Computers - IT Services,YES,38.73,1.38,4477.7,4,,,911.29,-0.46,-0.27,0.04,
99,AAR,AIR,NYSE,Aerospace,Aerospace - Defense Equipment,YES,58.4,1.61,2026.88,5,21.08,17.18,,2.85,3.4,,
103,Apartment Investment and Management,AIV,NYSE,Finance,REIT and Equity Trust - Residential,YES,8.75,1.18,1300.39,12,,,,,-0.28,,
106,Ajinomoto,AJINY,OTC,Consumer Staples,Food - Miscellaneous,NO,39.47,0.09,20911.13,3,30.36,,,,,,
109,Embotelladora Andina,AKO.A,NYSE,Consumer Staples,Beverages - Soft drinks,NO,12.0616,0.57,1902.86,12,11.27,,,,,,
110,Embotelladora Andina,AKO.B,NYSE,Consumer Staples,Beverages - Soft drinks,NO,16.27,0.52,2566.78,12,15.21,11.7,9.8,,1.39,1.66,
112,Akero Therapeutics,AKRO,NSDQ,Medical,Medical - Biomedical and Genetics,YES,44.77,-0.91,2242.98,12,,,,-3.22,-2.8,-3.27,
124,Alignment Healthcare,ALHC,NSDQ,Medical,Medical Services,YES,5.41,1.6,1019.14,12,,,,-0.81,-0.8,-0.54,
129,Alkami Technology,ALKT,NSDQ,Computer and Technology,Internet - Software,YES,16.8,0.14,1560.13,12,,,336.0,-0.25,-0.12,0.05,
133,Alnylam Pharmaceuticals,ALNY,NSDQ,Medical,Medical - Biomedical and Genetics,YES,202.83,0.48,25257.55,12,,,,-9.62,-6.52,-3.28,
142,Ambarella,AMBA,NSDQ,Computer and Technology,Electronics - Semiconductors,YES,82.22,1.5,3132.58,1,158.12,,699.74,1.02,-0.56,0.12,
144,AMC Entertainment,AMC,NYSE,Consumer Discretionary,Leisure and Recreation Services,YES,4.37,1.76,2268.87,12,,,,-1.15,-0.37,-0.26,
150,Amplifon,AMFPF,OTC,Medical,Medical Services,NO,32.65,0.57,7391.59,12,,,,1.13,,,
162,Altus Power,AMPS,NYSE,Oils-Energy,Alternative Energy - Other,YES,6.5,0.67,1039.97,12,,,57.35,-0.09,0.0,0.11,
174,Angi,ANGI,NSDQ,Computer and Technology,Internet - Content,YES,3.91,1.64,1980.68,12,,,,-0.19,-0.1,-0.01,
175,Acerinox,ANIOY,OTC,Basic Materials,Steel - Producers,NO,5.3936,1.5,2801.7,12,2.67,,,1.63,,,
178,Africa Oil,AOIFF,OTC,Oils-Energy,Oil and Gas - Exploration and Production - Canadian,NO,2.2,1.21,1017.11,12,,,,,,,
184,Aperam,APEMY,OTC,Basic Materials,Steel - Producers,NO,32.53,1.75,2538.53,12,4.22,,,9.53,,,
188,Apellis Pharmaceuticals,APLS,NSDQ,Medical,Medical - Biomedical and Genetics,YES,52.46,1.23,6109.33,12,,,,-6.28,-5.23,-2.49,
189,Aspen Pharmacare,APNHY,OTC,Medical,Medical - Generic Drugs,NO,9.8,1.27,4373.27,6,,,,,,,
194,Appian,APPN,NSDQ,Computer and Technology,Internet - Software,YES,51.22,1.61,3737.09,12,,,,-1.34,-1.13,-0.66,
199,Arcadis,ARCAY,OTC,Construction,Engineering - R and D Services,NO,40.9,0.87,3699.08,12,,,,,,,
207,Argenx,ARGX,NSDQ,Medical,Medical - Biomedical and Genetics,YES,484.43,0.72,27106.54,12,,,,-15.52,-6.25,-4.09,
217,Arvinas,ARVN,NSDQ,Medical,Medical - Biomedical and Genetics,YES,24.6,1.75,1313.6,12,,,,-4.81,-6.7,-7.91,
219,Arrowhead Pharmaceuticals,ARWR,NSDQ,Medical,Medical - Drugs,YES,34.7,0.97,3709.45,9,,,,-1.29,-1.37,-2.48,
221,Asana,ASAN,NYSE,Computer and Technology,Internet - Software,YES,23.68,1.2,5134.78,1,,,,-1.16,-0.52,-0.34,
225,ASICS Corporation Unsponsored ADR,ASCCY,OTC,Consumer Discretionary,Leisure and Recreation Products,NO,29.53,,5408.73,12,26.37,,,,,,
227,Asahi Glass,ASGLY,OTC,Industrial Products,Glass Products,NO,7.0,0.75,7769.12,12,11.67,,,0.6,,,
232,ASM International,ASMIY,OTC,Computer and Technology,Semiconductor - Communications ,NO,465.22,1.68,22947.59,12,33.06,,,14.86,,,
234,Ascendis Pharma,ASND,NSDQ,Medical,Medical - Biomedical and Genetics,YES,87.2,0.51,4999.65,12,,,,-9.52,-10.73,-8.28,
240,Auto Trader Group,ATDRY,OTC,Auto-Tires-Trucks,Automotive - Foreign,NO,2.0202,1.02,7464.98,3,,,,0.06,,,
241,Alphatec,ATEC,NSDQ,Medical,Medical - Instruments,YES,18.72,1.27,2218.25,12,,,,-1.44,-1.23,-0.9,
247,Atkore,ATKR,NYSE,Industrial Products,Wire and Cable Products,YES,154.1,2.22,5942.04,9,7.31,8.65,9.24,,17.82,16.68,
249,Atmus Filtration Technologies Inc.,ATMU,NYSE,Industrial Products,Pollution Control,NO,23.65,,1969.99,12,,12.75,11.94,,1.86,1.98,
252,AtriCure,ATRC,NSDQ,Medical,Medical - Products,YES,53.3,1.36,2515.76,12,,,,-1.1,-1.11,-0.81,
253,Atrion,ATRI,NSDQ,Medical,Medical - Dental Supplies,NO,577.7,0.5,1017.04,12,34.35,,,,,,
254,ATS Corporation,ATS,NYSE,Industrial Products,Manufacturing - General Industrial ,NO,48.12,,4758.14,3,,24.0,23.82,,2.01,2.02,
260,AU Optronics,AUOTY,OTC,Computer and Technology,Electronics - Miscellaneous Components,NO,6.28,0.93,4772.42,12,,,,-0.47,-1.27,-0.91,
261,Aurinia Pharmaceuticals,AUPH,NSDQ,Medical,Medical - Drugs,YES,11.25,1.17,1609.13,12,,,,-0.85,-0.71,-0.43,
262,Reinvent Technology Partners Y,AUR,NSDQ,Business Services,Technology Services,YES,3.17,2.51,3741.91,12,,,,,,,
267,Avadel Pharmaceuticals,AVDL,NSDQ,Medical,Medical - Drugs,YES,15.2,1.44,1166.88,12,,,,-2.01,-1.34,-0.29,
268,AvidXchange,AVDX,NSDQ,Computer and Technology,Internet - Software,YES,11.64,0.49,2342.54,12,,,,-0.29,-0.17,-0.04,
271,Advanced Info Service,AVIFY,OTC,Computer and Technology,Wireless Non-US ,NO,6.34,0.35,18855.16,12,,,,,,,
278,Aviva,AVVIY,OTC,Finance,Insurance - Life Insurance,NO,10.155,1.19,13903.57,12,,,,1.02,,,
280,Alumina,AWCMY,OTC,Basic Materials,Mining - Miscellaneous,NO,3.86,1.14,2800.12,12,,,,,,,
287,Axonics,AXNX,NSDQ,Medical,Medical Info Systems,YES,51.04,0.4,2571.59,12,,,,-1.55,-0.4,-0.04,
291,Axsome Therapeutics,AXSM,NSDQ,Medical,Medical - Biomedical and Genetics,YES,73.28,1.84,3193.04,12,,,,-4.34,-3.93,-1.7,
301,AZUL,AZUL,NYSE,Transportation,Transportation - Airline,YES,10.72,1.47,4511.85,12,,,16.93,-2.99,-1.26,0.63,
302,AZZ,AZZ,NYSE,Industrial Products,Manufacturing - Electronics,YES,43.48,1.35,1087.57,2,12.21,,,4.15,,,
304,Boeing,BA,NYSE,Aerospace,Aerospace - Defense,YES,211.87,1.41,127459.61,12,,,39.61,-9.09,-1.42,5.35,
307,Bank of China,BACHY,OTC,Finance,Banks - Foreign,NO,8.854,0.27,104260.38,12,3.37,,,,,,
311,Braskem,BAK,NYSE,Oils-Energy,Oil and Gas - Integrated - International,NO,10.69,1.77,4828.34,12,,,14.45,-0.04,-0.37,0.74,
319,Liberty Media,BATRA,NSDQ,Finance,Real Estate - Operations,YES,42.99,0.88,2280.94,12,,,716.5,,-0.34,0.06,
320,Liberty Media,BATRB,OTC,Finance,Real Estate - Operations,NO,43.01,0.09,2273.67,12,,,,,,,
321,Liberty Media,BATRK,NSDQ,Finance,Real Estate - Operations,YES,41.5,0.9,1735.43,12,,,,-0.3,-0.81,-0.12,
324,BBVA Banco Frances,BBAR,NYSE,Finance,Banks - Foreign,YES,6.01,1.24,1227.46,12,3.1,,,1.81,,,
326,Banco Bradesco,BBDO,NYSE,Finance,Banks - Foreign,NO,3.01,0.9,32082.05,12,9.71,,,,,,
327,BridgeBio Pharma,BBIO,NSDQ,Medical,Medical - Generic Drugs,YES,32.04,0.79,5142.45,12,,,,-3.23,-3.39,-2.68,
334,BlackRock Capital Allocation T,BCAT,NYSE,Finance,Financial - Investment Funds,NO,15.2,0.72,1643.65,12,,,,,,,
339,Bank of Communications,BCMXY,OTC,Finance,Banks - Foreign,NO,14.08,0.08,41824.77,12,3.33,,,,,,
342,BioCryst Pharmaceuticals,BCRX,NSDQ,Medical,Medical - Drugs,YES,7.19,1.89,1358.44,12,,,,-1.15,-1.0,-0.48,
345,BGEO Group,BDGSF,OTC,Finance,Banks - Foreign,NO,39.15,0.66,1924.98,12,,,,,,,
348,Bloom Energy,BE,NYSE,Oils-Energy,Alternative Energy - Other,YES,18.42,2.86,3841.31,12,,,58.11,-0.61,-0.25,0.32,
349,Beam Therapeutics,BEAM,NSDQ,Medical,Medical - Biomedical and Genetics,YES,30.82,1.58,2349.02,12,,,,-4.86,-5.5,-5.9,
353,Brookfield Renewable Partners,BEP,NYSE,Utilities,Utility - Electric Power,YES,29.62,0.79,8555.65,12,,,255.35,-0.18,-0.15,0.12,
354,Brookfield Renewable,BEPC,NYSE,Oils-Energy,Alternative Energy - Other,YES,32.12,1.01,5770.6,12,,,,-0.48,-0.36,-0.16,
356,BE Semiconductor Industries,BESIY,OTC,Computer and Technology,Electronics - Manufacturing Machinery,NO,119.0,1.57,8628.69,12,45.08,,,,,,
357,Brown Forman,BF.A,NYSE,Consumer Staples,Beverages - Alcohol,YES,68.05,0.73,32620.76,4,36.01,,,,,,
363,BeiGene,BGNE,NSDQ,Medical,Medical - Biomedical and Genetics,YES,197.9,0.7,19125.74,12,,,,-17.68,-12.6,-8.88,
364,Biglari Holdings,BH.A,NYSE,Retail-Wholesale,Retail - Restaurants,NO,994.0,1.55,2261.85,12,8.29,,,,,,
369,Biohaven Ltd.,BHVN,NYSE,Medical,Medical - Biomedical and Genetics,YES,26.41,1.11,1801.82,12,,,,-9.82,-4.77,-4.57,
372,Bilibili,BILI,NSDQ,Computer and Technology,Internet - Services,YES,16.64,1.03,6499.66,12,,,,-2.61,-1.14,-0.4,
375,BioRad Laboratories,BIO.B,NYSE,Medical,Medical - Biomedical and Genetics,NO,387.55,0.67,11475.06,12,30.68,,,,,,
378,Brookfield Infrastructure,BIPC,NYSE,Utilities,Utility - Gas Distribution,YES,46.8,1.19,5180.0,12,,,,,,,
379,Birchcliff Energy,BIREF,OTC,Oils-Energy,Oil and Gas - Exploration and Production - Canadian,NO,5.649,0.87,1503.89,12,4.18,,,,,,
382,The Buckle,BKE,NYSE,Retail-Wholesale,Retail - Apparel and Shoes,YES,34.84,1.06,1757.89,1,7.15,,,,,,
385,Black Hills,BKH,NYSE,Utilities,Utility - Electric Power,YES,58.86,0.57,3939.71,12,15.09,15.78,,4.0,3.73,,7.17
386,Bank Hapoalim,BKHYY,OTC,Finance,Banks - Foreign,NO,44.88,1.0,12003.31,12,6.01,,,6.2,,,
394,Ballard Power Systems,BLDP,NSDQ,Computer and Technology,Electronics - Miscellaneous Components,YES,4.7,1.87,1403.34,12,,,,-0.61,-0.51,-0.53,
406,bioMerieux,BMXMF,OTC,Medical,Medical Services,NO,103.1,0.77,12203.04,12,,,,,,,
408,Brookfield Corporation,BN,NYSE,Finance,Real Estate - Operations,YES,34.21,1.42,56038.2,12,9.58,,,,,,
414,Bollore,BOIVF,OTC,Transportation,Transportation - Rail,NO,6.61,0.9,19367.3,12,,,,,,,
417,Borr Drilling,BORR,NYSE,Oils-Energy,Oil and Gas - Drilling,YES,7.73,3.22,1178.79,12,,,,,,,
418,Hugo Boss,BOSSY,OTC,Consumer Discretionary,Textile - Apparel,NO,16.9098,1.23,5952.25,12,25.24,,,0.71,,,
419,Bouygues,BOUYF,OTC,Industrial Products,Industrial Services,NO,32.05,0.77,61298.96,12,12.42,,,2.25,,,
420,Boardwalk Real Estate Investment Trust,BOWFF,OTC,Finance,REIT and Equity Trust - Residential,NO,49.0,1.34,2240.51,12,20.25,,,,,,
424,Banco Comercial Portugues,BPCGY,OTC,Finance,Banks - Foreign,NO,3.03,0.0,4579.54,12,,,,0.11,,,
425,Blueprint Medicines,BPMC,NSDQ,Medical,Medical - Biomedical and Genetics,YES,57.89,0.73,3500.45,12,,,,-9.41,-9.56,-7.77,
431,BRC INC,BRCC,NYSE,Consumer Staples,Consumer Products - Staples,YES,4.94,0.46,1046.07,12,,,112.27,-1.6,-0.08,0.04,
434,Berkshire Hathaway,BRK.A,NYSE,Finance,Insurance - Property and Casualty,NO,523500.0,0.88,758985.5,12,24.1,,,,,,
442,Braze,BRZE,NSDQ,Business Services,Technology Services,YES,43.02,1.05,4198.19,1,,,,-0.69,-0.52,-0.13,
446,Grupo Financiero Santander Mexico,BSMX,NYSE,Finance,Banks - Foreign,YES,5.46,1.07,7411.4,12,5.06,,,0.94,,,
450,BITDEER TEC GRP,BTDR,NSDQ,Business Services,Technology Services,NO,14.27,1.05,1588.09,12,,,,,,,
471,BYD Company Limited,BYDDF,OTC,Auto-Tires-Trucks,Automotive - Foreign,NO,34.16,0.53,99444.64,12,66.98,,,,,,
472,Beyond Meat,BYND,NSDQ,Consumer Staples,Food - Meat Products,YES,16.81,2.08,1079.65,12,,,,-5.87,-3.3,-2.49,
475,Buzzi Unicem,BZZUF,OTC,Construction,Building Products - Concrete and Aggregates,NO,24.915,0.48,4612.56,12,,,,2.13,,,
477,Corporacion America Airports,CAAP,NYSE,Transportation,Transportation - Airline,YES,13.49,1.98,2201.87,12,12.61,,,,,,
489,CalMaine Foods,CALM,NSDQ,Basic Materials,Agriculture - Products,YES,43.95,-0.06,2152.93,5,2.83,10.46,,14.98,4.2,,0.63
501,"CAVA Group, Inc.",CAVA,NYSE,Retail-Wholesale,Retail - Restaurants,YES,47.62,,5304.2,12,,,,,-0.12,-0.09,
503,CymaBay Therapeutics,CBAY,NSDQ,Medical,Medical - Generic Drugs,YES,11.63,0.33,1134.08,12,,,,-1.22,-1.01,-1.03,
504,Companhia Brasileira de Distribuicao,CBD,NYSE,Retail-Wholesale,Retail - Supermarkets,YES,4.39,1.13,1182.91,12,,,,-0.07,-0.47,-0.21,
505,China BlueChemical,CBLUY,OTC,Basic Materials,Fertilizers,NO,11.19,0.39,1031.72,12,,,,,,,
516,Chase,CCF,AMEX,Construction,Paints and Related Products,YES,121.84,0.73,1158.25,8,25.49,,,,,,
521,Carnival,CCL,NYSE,Consumer Discretionary,Leisure and Recreation Services,YES,17.71,2.39,19822.19,11,,,18.94,-4.69,-0.16,0.94,
523,China Coal Energy,CCOZY,OTC,Oils-Energy,Coal,NO,15.22,-0.09,10089.84,12,3.19,,,5.4,,,
528,Coeur Mining,CDE,NYSE,Basic Materials,Mining - Non Ferrous,YES,3.05,1.53,1015.76,12,,,23.46,-0.34,-0.13,0.13,
539,Cerevel Therapeutics,CERE,NSDQ,Medical,Medical - Drugs,YES,29.68,1.38,4654.8,12,,,,-2.36,-2.7,-2.87,
541,,CET,AMEX,Finance,Financial - Investment Funds,NO,36.8,0.89,1029.53,12,,,,,,,
544,Confluent,CFLT,NSDQ,Business Services,Technology Services,YES,37.38,1.0,11069.41,12,,,262.83,-0.58,-0.17,0.14,
551,Chiba Bank,CHBAY,OTC,Finance,Banks - Foreign,NO,37.38,0.64,5510.97,3,12.14,,,,,,
552,China CITIC Bank,CHCJY,OTC,Finance,Banks - Foreign,NO,9.08,0.01,22216.49,12,,,,,,,
556,Christian Dior,CHDRY,OTC,Retail-Wholesale,Retail - Apparel and Shoes,NO,222.88,1.04,160926.06,12,,,,,,,
559,China Everbright Environment Group??,CHFFF,OTC,Business Services,Waste Removal Services,NO,0.3906,0.27,2399.45,12,,,,,,,
565,ChargePoint,CHPT,NYSE,Auto-Tires-Trucks,Automotive - Original Equipment,YES,8.66,1.6,3059.69,1,,,,-0.73,-0.48,-0.12,
568,Chorus,CHRYY,OTC,Computer and Technology,Wireless Non-US ,NO,26.2,0.65,2281.15,6,,,,,,,
569,Chunghwa Telecom,CHT,NYSE,Utilities,Diversified Communication Services,YES,37.16,0.11,28826.67,12,23.52,,,,,,
574,China Mengniu Dairy,CIADY,OTC,Consumer Staples,Food - Dairy Products,NO,36.36,0.33,14343.21,12,,15.54,13.57,,2.34,2.68,
575,China Construction Bank,CICHY,OTC,Finance,Banks - Foreign,NO,10.99,0.27,137381.03,12,,,,,,,
577,Cipher Mining,CIFR,NSDQ,Business Services,Technology Services,YES,4.76,2.29,1184.94,12,,,,-0.02,-0.15,-0.27,
580,China Merchants Bank,CIHKY,OTC,Finance,Banks - Foreign,NO,21.48,0.55,108344.45,12,5.48,4.98,4.47,,4.31,4.81,
588,CK Hutchison,CKHUY,OTC,Conglomerates,Diversified Operations,NO,6.0,0.75,22980.27,12,,,,,,,
593,Celldex Therapeutics,CLDX,NSDQ,Medical,Medical - Biomedical and Genetics,YES,36.94,2.07,1745.51,12,,,,-2.43,-2.64,-2.99,
597,Clean Energy Fuels,CLNE,NSDQ,Utilities,Utility - Gas Distribution,YES,5.0,2.15,1114.54,12,,,60.98,0.01,-0.09,0.08,
603,CHINA MINSHENG,CMAKY,OTC,Finance,Banks - Foreign,NO,3.63,0.4,15893.02,12,3.67,,,,,,
609,China Merchants Holdings International,CMHHY,OTC,Conglomerates,Diversified Operations,NO,14.41,0.79,6086.16,12,,6.26,5.74,,2.3,2.51,
611,Compass Minerals International,CMP,NYSE,Basic Materials,Chemical - Diversified ,YES,35.42,1.34,1457.16,9,,,22.03,0.35,-0.64,1.61,
612,Compass Group,CMPGY,OTC,Retail-Wholesale,Retail - Restaurants,NO,28.09,1.06,48696.09,9,,,,0.72,,,
616,"Claros Mortgage Trust, Inc.",CMTG,NYSE,Finance,REIT and Equity Trust,YES,11.91,1.73,1648.06,12,8.33,11.24,,1.4,1.06,,
617,Commonwealth Bank of Australia,CMWAY,OTC,Finance,Banks - Foreign,NO,69.65,1.1,116745.2,6,,17.95,,3.99,3.88,,3.86
625,Cannae,CNNE,NYSE,Finance,Financial - Investment Management,YES,21.02,0.86,1607.81,12,,,,-5.51,-0.42,-0.43,
629,Cohen & Steers,CNS,NYSE,Finance,Financial - Investment Management,YES,63.33,1.34,3110.6,12,18.46,,,,,,
639,Coinbase Global,COIN,NSDQ,Finance,Securities and Exchanges,YES,105.55,2.6,24758.03,12,,,,-11.75,-2.68,-2.3,
640,CocaCola Bottling Co. Consolidated,COKE,NSDQ,Consumer Staples,Beverages - Soft drinks,NO,635.19,0.87,5954.07,12,11.24,,,,,,
645,Compass,COMP,NYSE,Computer and Technology,Internet - Software,YES,3.9,2.55,1798.48,12,,,,-1.26,-0.57,-0.27,
652,Coursera,COUR,NYSE,Business Services,Technology Services,YES,13.93,1.75,2099.52,12,,,,-0.45,-0.2,-0.02,
656,Cathay Pacific Airways,CPCAY,OTC,Transportation,Transportation - Airline,NO,5.3609,0.48,6901.84,12,,,,-0.1,,,
665,Centrica,CPYYY,OTC,Utilities,Utility - Gas Distribution,NO,6.6073,1.29,9223.65,12,,,,1.13,,,
667,Crane Company,CR,NYSE,Industrial Products,Manufacturing - General Industrial ,YES,93.04,,5278.08,12,,24.45,22.64,,3.81,4.11,3.28
681,Crinetics Pharmaceuticals,CRNX,NSDQ,Medical,Medical - Drugs,YES,19.96,0.86,1078.36,12,,,,-3.14,-3.38,-3.69,
683,China Resources Power Holdings,CRPJY,OTC,Utilities,Utility - Electric Power,NO,34.1294,0.43,10945.17,12,,,,3.32,,,
686,CRISPR Therapeutics,CRSP,NSDQ,Medical,Medical - Biomedical and Genetics,YES,58.22,1.59,4595.6,12,,,,-9.25,-6.37,-6.15,
690,CorVel,CRVL,NSDQ,Business Services,Business - Services,YES,208.31,1.04,3576.58,3,55.26,,,,,,
695,Casio Computer Co.,CSIOY,OTC,Computer and Technology,Electronics - Miscellaneous Products,NO,86.892,0.71,2163.79,3,17.81,21.14,,,4.11,,
700,CSW Industrials,CSWI,NSDQ,Basic Materials,Chemical - Specialty,YES,166.05,0.81,2581.09,3,26.78,,,,,,
714,Carnival,CUK,NYSE,Consumer Discretionary,Leisure and Recreation Services,YES,16.08,2.43,3003.85,11,,,,,-0.14,,
715,"Curaleaf Holdings, Inc.",CURLF,OTC,Consumer Discretionary,Consumer Products - Discretionary,NO,3.6125,,2255.2,12,,,,-0.18,-0.18,-0.09,
716,Colruyt,CUYTY,OTC,Consumer Discretionary,Consumer Products - Discretionary,NO,9.09,0.53,4875.06,3,,,,0.28,,,
718,CureVac,CVAC,NSDQ,Medical,Medical - Biomedical and Genetics,YES,9.92,2.83,2220.51,12,,,,-0.84,-1.07,-1.17,
723,Churchill Capital Corp VII,CVII,NYSE,Unclassified,Unclassified,YES,10.8,0.05,1863.0,12,,,,,,,
725,Carvana,CVNA,NYSE,Retail-Wholesale,Internet - Commerce,YES,36.53,3.07,6907.19,12,,,,-9.98,-5.39,-5.05,
731,Clearway Energy,CWENA,NYSE,Oils-Energy,Alternative Energy - Other,NO,25.57,0.82,5167.06,12,,13.97,10.88,,1.83,2.35,
736,SmartCentres Real Estate Investment Trust,CWYUF,OTC,Finance,REIT and Equity Trust - Retail,NO,18.71,1.05,3332.88,12,,,,,,,
743,Cyrela Brazil Realty,CYRBY,OTC,Finance,Real Estate - Development,NO,4.48,0.62,1722.56,12,,,,,,,
744,Cytokinetics,CYTK,NSDQ,Medical,Medical - Biomedical and Genetics,YES,33.81,0.73,3233.61,12,,,,-4.07,-4.38,-4.28,
753,DoorDash,DASH,NYSE,Computer and Technology,Internet - Services,YES,85.34,1.57,33160.08,12,,,,-2.69,-1.73,-1.04,
757,,DBC,NYSE,Finance,Financial - Investment Funds,YES,23.45,0.54,2022.56,12,,,,,,,
762,DCC,DCCPF,OTC,Business Services,Business - Services,NO,53.625,0.89,5292.48,3,,,,5.62,,,
764,Deciphera Pharmaceuticals,DCPH,NSDQ,Medical,Medical - Biomedical and Genetics,YES,13.9,0.68,1091.49,12,,,,-2.49,-2.47,-2.13,
766,3D Systems,DDD,NYSE,Computer and Technology,Computer - Mini computers,YES,9.62,1.77,1284.14,12,,,,-0.26,-0.19,-0.02,
774,,DEM,NYSE,Finance,Financial - Investment Funds,YES,39.43,0.75,2480.15,12,,,,,,,
778,Dairy Farm International,DFIHY,OTC,Consumer Staples,Food - Dairy Products,NO,13.05,0.19,3533.03,12,,,,,,,
788,,DIA,NYSE,Finance,Financial - Investment Funds,YES,345.85,0.93,29653.18,12,,,,,,,
789,DICE Therapeutics,DICE,NSDQ,Medical,Medical - Biomedical and Genetics,YES,46.73,1.05,2230.45,12,,,,-2.1,-2.57,-3.45,
790,DiDi Global,DIDIY,OTC,Medical,Medical Services,YES,3.19,0.5,15497.09,12,,,,,,,
791,Daito Trust Construction Co.,DIFTY,OTC,Finance,Real Estate - Operations,NO,25.265,0.3,6964.95,3,,,,,,,
793,Screen Holdings,DINRF,OTC,Computer and Technology,Semiconductor - General,NO,113.03,0.39,5263.5,3,13.39,,,8.09,,,
797,D S SMITH,DITHF,OTC,Basic Materials,Paper and Related Products,NO,3.89,0.87,5358.26,4,,,,,,,
801,DraftKings,DKNG,NSDQ,Consumer Discretionary,Gaming,YES,31.24,1.79,26706.45,12,,,,-3.09,-1.84,-0.78,
807,Dorchester Minerals,DMLP,NSDQ,Oils-Energy,Oil and Gas - Royalty Trust - United States,YES,32.38,1.21,1242.47,12,9.93,,,,,,
808,Soaring Eagle Acquisition,DNA,NYSE,Medical,Medical - Biomedical and Genetics,YES,2.18,1.04,4546.39,12,,,,-1.41,-0.32,-0.24,
811,Dongfeng Motor Group,DNFGY,OTC,Auto-Tires-Trucks,Automotive - Foreign,NO,22.85,0.61,3937.57,12,,,,9.06,,,
812,Denali Therapeutics,DNLI,NSDQ,Medical,Medical - Biomedical and Genetics,YES,29.5,1.28,4038.22,12,,,,-2.63,-3.53,-3.55,
814,Denison Mine Corp,DNN,AMEX,Basic Materials,Mining - Miscellaneous,YES,1.25,1.84,1044.71,12,,,,-0.04,-0.03,-0.02,
816,,DNP,NYSE,Finance,Financial - Investment Funds,NO,10.16,0.5,3605.33,12,,,,,,,
817,Dai Nippon Printing Co.,DNPLY,OTC,Industrial Products,Commercial Printing,NO,13.93,0.55,8141.82,3,20.19,,,,,,
819,Diamond Offshore Drilling,DO,NYSE,Oils-Energy,Oil and Gas - Drilling,YES,15.32,1.52,1552.8,12,,,,,,,
831,Dundee Precious Metals,DPMLF,OTC,Basic Materials,Mining - Gold,NO,7.39,0.64,1386.45,12,10.26,,,,,,
837,"Leonardo DRS, Inc.",DRS,NSDQ,Aerospace,Aerospace - Defense Equipment,YES,17.23,0.9,4497.03,12,34.46,26.51,22.09,,0.65,0.78,
841,Daiwa Securities Group,DSEEY,OTC,Finance,Financial - Miscellaneous Services,NO,5.235,0.62,8215.7,3,18.7,,,,,,
848,Dufry,DUFRY,OTC,Consumer Discretionary,Consumer Products - Discretionary,NO,5.0,1.49,7399.36,12,,,,0.19,,,
850,Duolingo,DUOL,NSDQ,Business Services,Technology Services,YES,158.48,0.33,6506.03,12,,,,-1.67,-0.53,-0.13,
853,Dynavax Technologies,DVAX,NSDQ,Medical,Medical - Biomedical and Genetics,YES,14.17,1.49,1809.51,12,9.14,,,1.95,-0.51,-0.24,
856,,DVY,NSDQ,Finance,Financial - Investment Funds,YES,114.44,0.87,19832.45,12,,,,,,,
857,Daiwa House Industry Co.,DWAHY,OTC,Construction,Building Products - Mobile Homes and RV Builders,NO,26.33,0.41,17359.13,3,7.19,,,,,,
858,Deutsche Wohnen,DWHHF,OTC,Finance,Real Estate - Operations,NO,21.111,0.62,8450.67,12,,,,,,,
859,Derwent London,DWVYF,OTC,Finance,Real Estate - Operations,NO,24.44,0.56,2744.38,12,,,,1.27,,,
866,GrafTech International,EAF,NYSE,Industrial Products,Metal Products - Procurement and Fabrication,YES,4.7,1.38,1206.52,12,4.9,67.14,7.46,,0.07,0.63,
868,Eventbrite,EB,NYSE,Computer and Technology,Internet - Services,YES,10.86,2.61,1085.93,12,,,,-0.76,-0.46,-0.17,
877,EDENRED,EDNMY,OTC,Business Services,Technology Services,NO,33.07,0.79,16507.75,12,,,,,,,
882,,EEM,NYSE,Finance,Financial - Investment Funds,YES,41.06,0.74,24371.16,12,,,,,,,
883,,EFA,NYSE,Finance,Financial - Investment Funds,YES,73.77,0.86,50989.82,12,,,,,,,
889,Ehang Holdings,EH,NSDQ,Aerospace,Aerospace - Defense Equipment,YES,19.27,0.73,1122.05,12,,,,,,,
892,easyjet,EJTTF,OTC,Transportation,Transportation - Airline,NO,6.43,1.87,4874.0,9,,,,-0.22,,,
902,,EMB,NSDQ,Finance,Financial - Investment Funds,YES,87.07,0.48,15585.53,12,,,,,,,
909,Enersis Chile,ENIC,NYSE,Utilities,Utility - Electric Power,YES,3.52,1.09,4869.33,12,3.32,,,,,,
920,Enovix Corporation,ENVX,NSDQ,Oils-Energy,Alternative Energy - Other,YES,21.41,1.36,3386.21,12,,,,-0.56,-0.89,-0.98,
923,Enerpac Tool Group,EPAC,NYSE,Industrial Products,Manufacturing - Tools & Related Products,YES,27.42,1.35,1538.36,8,19.59,,,0.72,,,
928,,EPP,NYSE,Finance,Financial - Investment Funds,YES,43.33,0.87,1988.85,12,,,,,,,
936,Equinox Gold,EQX,AMEX,Basic Materials,Mining - Gold,YES,5.24,1.22,1639.68,12,,,16.21,-0.32,-0.03,0.32,
946,Enstar Group Limited,ESGR,NSDQ,Finance,Insurance - Multi line,YES,255.18,0.6,4090.08,12,13.63,,,,,,
954,Establishment Labs,ESTA,NSDQ,Medical,Medical Services,YES,71.19,1.01,1832.28,12,,,,-3.2,-2.56,-1.39,
959,89BIO,ETNB,NSDQ,Medical,Medical - Biomedical and Genetics,YES,18.42,0.75,1342.24,12,,,,-2.99,-1.92,-2.47,
966,EverCommerce,EVCM,NSDQ,Computer and Technology,Internet - Software,YES,12.13,1.18,2279.65,12,,,,0.41,-0.3,-0.14,
967,Eve,EVEX,NYSE,Aerospace,Aerospace - Defense,YES,10.65,0.71,2865.85,12,,,,-0.5,-0.46,-0.6,
968,EVgo,EVGO,NSDQ,Auto-Tires-Trucks,Automotive - Original Equipment,YES,4.37,1.93,1173.07,12,,,,-0.52,-0.87,-0.78,
976,,EWA,NYSE,Finance,Financial - Investment Funds,YES,23.2,1.01,2227.2,12,,,,,,,
979,,EWG,NYSE,Finance,Financial - Investment Funds,YES,29.27,1.07,1668.39,12,,,,,,,
980,,EWJ,NYSE,Finance,Financial - Investment Funds,YES,62.45,0.68,13180.07,12,,,,,,,
981,,EWL,NYSE,Finance,Financial - Investment Funds,YES,47.02,0.73,1281.3,12,,,,,,,
982,,EWU,NYSE,Finance,Financial - Investment Funds,YES,32.68,0.83,2813.75,12,,,,,,,
983,,EWY,NYSE,Finance,Financial - Investment Funds,YES,67.54,1.04,3792.37,12,,,,,,,
984,,EWZ,NYSE,Finance,Financial - Investment Funds,YES,32.33,1.01,5321.52,12,,,,,,,
985,Exact Sciences,EXAS,NSDQ,Medical,Medical - Biomedical and Genetics,YES,97.57,1.41,17608.97,12,,,,-3.67,-2.07,-1.32,
996,Extreme Networks,EXTR,NSDQ,Computer and Technology,Computer - Networking,YES,27.49,2.01,3546.14,6,30.21,18.45,,1.08,1.49,,
998,,EZU,AMEX,Finance,Financial - Investment Funds,YES,46.96,1.04,8448.1,12,,,,,,,
1004,,FAS,NYSE,Finance,Financial - Investment Funds,YES,68.24,3.1,1893.61,12,,,,,,,
1011,FuelCell Energy,FCEL,NSDQ,Oils-Energy,Alternative Energy - Other,YES,2.49,3.59,1012.83,10,,,,-0.35,-0.3,-0.29,
1018,,FDN,NYSE,Finance,Financial - Investment Funds,YES,172.26,1.1,6011.88,12,,,,,,,
1019,Fresh Del Monte Produce,FDP,NYSE,Consumer Staples,Agriculture - Operations,YES,25.75,0.65,1236.0,12,13.07,,,,,,
1027,Fairfax India,FFXDF,OTC,Finance,Financial - Investment Management,NO,14.1,1.05,1943.2,12,14.39,,,,,,
1030,Firstgroup,FGROY,OTC,Transportation,Transportation - Services,NO,1.94,1.06,1343.38,3,,,,,,,
1038,Fidelis Insurance Holdings Limited,FIHL,NYSE,Finance,Insurance - Multi line,NO,13.69,,1614.25,12,,,,,,,
1039,Finmeccanica SpA,FINMY,OTC,Aerospace,Aerospace - Defense,NO,6.47,1.22,7481.27,12,,,,,,,
1040,First National of Nebraska,FINN,OTC,Finance,Banks - West,NO,13275.0,0.29,3467.58,12,,,,,,,
1041,PPDAI Group,FINV,NYSE,Finance,Financial - Miscellaneous Services,YES,5.35,0.66,1512.12,12,4.25,,,,,,
1047,National Beverage,FIZZ,NSDQ,Consumer Staples,Beverages - Soft drinks,YES,49.81,0.98,4649.94,4,32.56,,,,,,
1048,Fujitsu,FJTSY,OTC,Computer and Technology,Computers - IT Services,NO,26.6,0.85,26136.21,3,16.22,,,1.86,,,
1051,Fulgent Genetics,FLGT,NSDQ,Medical,Medical Info Systems,YES,39.22,1.48,1164.88,12,98.05,,,5.64,-1.19,-0.78,
1052,Fluence Energy,FLNC,NSDQ,Oils-Energy,Alternative Energy - Other,YES,29.11,2.57,5109.3,9,,,727.75,-1.52,-0.76,0.04,
1057,Flywire Corporation,FLYW,NSDQ,Business Services,Financial Transaction Services,YES,33.65,1.11,3726.96,12,,,,-0.47,-0.14,-0.01,
1061,"Paragon 28, Inc.",FNA,NYSE,Medical,Medical - Instruments,YES,17.72,0.52,1458.69,12,,,,-0.46,-0.39,-0.28,
1067,Amicus Therapeutics,FOLD,NSDQ,Medical,Medical - Biomedical and Genetics,YES,13.35,0.82,3799.09,12,,,121.36,-0.78,-0.48,0.11,
1069,ForgeRock,FORG,NYSE,Computer and Technology,Internet - Software,YES,20.2,1.01,1788.27,12,,,808.0,-0.33,-0.2,0.03,
1071,Formula Systems 1985,FORTY,NSDQ,Computer and Technology,Computer - Services,NO,74.2,1.04,1134.83,12,14.22,,,,,,
1073,Fox,FOX,NSDQ,Consumer Discretionary,Broadcast Radio and Television,YES,31.35,0.92,15820.39,6,9.3,,,,,,
1076,First Pacific Co.,FPAFY,OTC,Conglomerates,Diversified Operations,NO,1.79,0.89,1518.51,12,,,,,,,
1079,FREYR Battery,FREY,NYSE,Oils-Energy,Alternative Energy - Other,YES,9.61,0.78,1342.57,12,,,,-0.96,-1.43,-2.0,
1080,Fairfax Financial,FRFHF,OTC,Finance,Insurance - Property and Casualty,NO,739.235,0.85,18051.11,12,8.55,,,,,,
1082,Freedom Holding,FRHC,NSDQ,Finance,Financial - Miscellaneous Services,YES,82.67,1.07,4922.35,3,,,,,,,
1086,Freshpet,FRPT,NSDQ,Consumer Staples,Food - Miscellaneous,YES,66.01,0.98,3176.46,12,,,,-1.31,-0.93,-0.12,
1087,Ferrovial,FRRVY,OTC,Construction,Engineering - R and D Services,NO,30.15,0.99,21932.41,12,,,,0.49,,,
1092,Fastly,FSLY,NYSE,Computer and Technology,Internet - Software,YES,17.99,1.26,2284.73,12,,,14391.99,-0.64,-0.24,0.0,
1095,Fisker,FSR,NYSE,Auto-Tires-Trucks,Automotive - Domestic,YES,6.85,0.99,2262.23,12,,,,-1.69,-1.26,-0.48,
1099,Farfetch Limited,FTCH,NYSE,Retail-Wholesale,Retail - Apparel and Shoes,YES,5.81,2.97,2293.97,12,,,,-0.94,-0.67,-0.52,
1103,Fortrea Holdings Inc.,FTRE,NSDQ,Medical,Medical - Biomedical and Genetics,NO,33.11,,2933.55,12,,,,,,,
1114,Liberty Media,FWONA,NSDQ,Consumer Discretionary,Media Conglomerates,YES,67.9,1.09,15915.33,12,41.66,226.33,60.63,,0.3,1.12,
1115,Liberty Media,FWONB,OTC,Consumer Discretionary,Media Conglomerates,NO,66.0,1.04,15469.98,12,40.49,,,,,,
1119,,FXI,NYSE,Finance,Financial - Investment Funds,YES,28.15,0.45,5273.9,12,,,,,,,
1122,,GAB,NYSE,Finance,Financial - Investment Funds,NO,5.75,0.91,1712.66,12,,,,,,,
1123,,GAM,NYSE,Finance,Financial - Investment Funds,NO,42.31,1.12,1014.35,12,,,,,,,
1128,"Global Business Travel Group, Inc.",GBTG,NYSE,Transportation,Transportation - Services,YES,7.3,0.26,3389.84,12,,,45.63,-0.49,-0.18,0.16,
1134,GDEV Inc.,GDEV,NSDQ,Consumer Discretionary,Gaming,NO,5.7666,0.49,1136.55,12,15.18,,,,,,
1137,GDS Holdings,GDS,NSDQ,Business Services,Technology Services,YES,11.78,0.71,2201.65,12,,,,-1.35,-1.24,-1.18,
1139,Great Eagle,GEAHF,OTC,Finance,Real Estate - Operations,NO,1.84,0.33,1375.81,12,,,,,,,
1140,Gecina,GECFF,OTC,Finance,Real Estate - Operations,NO,101.0,0.43,7447.88,12,,,,5.63,,,
1142,Greif Bros.,GEF.B,NYSE,Industrial Products,Containers - Paper and Packaging,NO,78.48,0.67,3673.21,10,11.19,,,,,,
1144,Genesis Energy,GEL,NYSE,Oils-Energy,Oil and Gas - Refining and Marketing - Master Limited Partnerships,YES,9.62,2.15,1179.21,12,,,,,,,
1147,Genius Sports Limited,GENI,NYSE,Computer and Technology,Internet - Content,YES,7.58,1.89,1666.55,12,,,,-0.35,-0.26,-0.16,
1148,Geron,GERN,NSDQ,Medical,Medical - Biomedical and Genetics,YES,3.28,0.87,1668.76,12,,,,-0.38,-0.36,-0.28,
1157,Guardant Health,GH,NSDQ,Medical,Medical - Biomedical and Genetics,YES,37.87,0.86,3891.7,12,,,,-6.47,-4.78,-4.14,
1158,Graham Holdings,GHC,NYSE,Consumer Discretionary,Schools,NO,559.21,1.02,2652.2,12,18.19,,,,,,
1164,Glaukos,GKOS,NYSE,Medical,Medical - Instruments,YES,78.24,1.28,3771.85,12,,,,-2.23,-2.27,-1.87,
1166,Glanbia,GLAPY,OTC,Consumer Staples,Food - Dairy Products,NO,73.05,0.33,3910.36,12,,,,,,,
1167,Globale Online,GLBE,NSDQ,Retail-Wholesale,Internet - Commerce,YES,44.53,1.28,7241.96,12,,,,-1.37,-1.02,-0.7,
1168,,GLD,NYSE,Finance,Financial - Investment Funds,YES,181.56,0.14,57500.05,9,,,,,,,
1174,Galapagos,GLPG,NSDQ,Medical,Medical - Biomedical and Genetics,YES,41.92,0.28,2762.41,12,,,,-2.16,-2.37,-3.35,
1179,GameStop,GME,NYSE,Retail-Wholesale,Retail - Consumer Electronics,YES,22.82,-0.38,6954.42,1,,,,-1.34,-0.39,-0.5,
1182,GETINGE,GNGBY,OTC,Medical,Medical Services,NO,17.99,1.15,4899.94,12,16.81,,,,,,
1184,Genmab,GNMSF,OTC,Medical,Medical - Biomedical and Genetics,NO,412.8,0.88,26984.74,12,37.16,,,,,,
1185,GN Store Nord,GNNDY,OTC,Medical,Medical - Products,NO,73.635,1.07,3704.15,12,31.47,,,4.04,,,
1188,Genworth Financial,GNW,NYSE,Finance,Insurance - Life Insurance,YES,5.62,0.98,2686.11,12,4.89,,,,,,
1196,Canada Goose,GOOS,NYSE,Retail-Wholesale,Retail - Apparel and Shoes,YES,17.5,1.65,1818.93,3,22.73,16.51,,0.77,1.06,,0.51
1198,Structure Therapeutics Inc. Sponsored ADR,GPCR,NSDQ,Medical,Medical - Biomedical and Genetics,NO,35.25,,1273.96,12,,,,-3.51,-0.69,-0.69,
1200,Grupo Financiero Inbur,GPFOY,OTC,Finance,Banks - Foreign,NO,12.05,0.94,14750.63,12,,,,,,,
1205,Grupo Carso,GPOVY,OTC,Conglomerates,Diversified Operations,NO,15.06,0.71,16928.51,12,17.51,,,,,,
1206,Green Plains,GPRE,NSDQ,Basic Materials,Chemical - Specialty,YES,32.43,1.72,1930.0,12,,,13.35,-1.98,-0.2,2.43,
1208,Grab ,GRAB,NSDQ,Business Services,Technology Services,YES,3.62,0.88,13564.56,12,,,,-0.39,-0.16,-0.04,
1213,Grafton Group,GROUF,OTC,Construction,Building Products - Miscellaneous,NO,6.7301,0.35,1519.55,12,,,,1.14,,,
1215,Grasim Industries,GRSXY,OTC,Consumer Discretionary,Textile - Apparel,NO,19.61,-0.15,12911.85,3,13.25,,,,,,
1217,Globalstar,GSAT,AMEX,Computer and Technology,Satellite and Communication,YES,1.06,0.54,1908.0,12,,,,-0.98,-0.01,-0.01,
1219,,GSG,NYSE,Finance,Financial - Investment Funds,YES,20.14,0.66,1017.07,12,,,,,,,
1225,Gitlab,GTLB,NSDQ,Computer and Technology,Internet - Software,YES,52.99,0.18,8096.87,1,,,5299.0,-0.58,-0.16,0.01,
1230,Guidewire Software,GWRE,NYSE,Computer and Technology,Business - Software Services,YES,79.51,1.21,6475.68,7,,,157.45,-0.57,-0.07,0.5,
1249,HUTCHMED (China) Limited Sponsored ADR,HCM,NSDQ,Medical,Medical - Biomedical and Genetics,YES,12.83,1.0,2222.57,12,,,,-2.0,-0.45,-0.72,
1251,HashiCorp,HCP,NSDQ,Computer and Technology,Internet - Software,YES,28.83,1.06,5532.01,1,,,632.85,-0.71,-0.26,0.05,
1260,Heico,HEI.A,NYSE,Aerospace,Aerospace - Defense Equipment,YES,137.79,1.16,18877.8,10,50.47,,,,,,
1266,Power Assets,HGKGY,OTC,Utilities,Utility - Electric Power,NO,5.009,0.43,10674.71,12,,,,,,,
1269,The Howard Hughes Corporation,HHC,NYSE,Finance,Real Estate - Development,YES,82.49,1.46,4123.51,12,25.62,,22.17,3.57,-1.01,3.72,
1273,Hims & Hers Health,HIMS,NYSE,Medical,Medical Info Systems,YES,9.12,0.49,1908.99,12,,,,-0.33,-0.21,-0.1,
1274,Himax Technologies,HIMX,NSDQ,Computer and Technology,Electronics - Semiconductors,YES,7.43,2.03,1295.92,12,7.43,,,1.58,,,
1276,AMTD Digital Inc. Sponsored ADR,HKD,NYSE,Business Services,Technology Services,NO,6.66,,1232.4,4,,,,,,,
1289,Hellenic Telecom Organization,HLTOY,OTC,Utilities,Diversified Communication Services,NO,8.035,0.75,7200.98,12,,,,,,,
1295,Hongkong Land,HNGKY,OTC,Finance,Real Estate - Development,NO,19.07,0.46,8446.84,12,,10.31,8.87,,1.85,2.15,
1296,Hon Hai Precision Industry Co.,HNHPF,OTC,Computer and Technology,Electronics - Miscellaneous Products,NO,7.0,0.5,48510.0,12,,,,,,,
1297,HNI,HNI,NYSE,Business Services,Business - Office Products,YES,27.7,0.94,1155.07,12,13.92,15.14,12.2,,1.83,2.27,1.89
1298,Hang Lung Group,HNLGY,OTC,Finance,Real Estate - Operations,NO,8.11,0.42,7297.38,12,,,,,,,
1302,Hollysys Automation Technologies,HOLI,NSDQ,Industrial Products,Industrial Automation and Robotics,YES,16.98,0.64,1045.89,6,9.59,,,,,,
1306,Robinhood Markets,HOOD,NSDQ,Finance,Financial - Investment Bank,YES,12.49,1.19,11277.92,12,,,249.8,-1.11,-0.61,0.05,
1318,Hesai Group Sponsored ADR,HSAI,NSDQ,Auto-Tires-Trucks,Automotive - Original Equipment,NO,13.26,,1664.59,12,,,2.14,,-1.63,6.19,
1334,Huabao International,HUIHY,OTC,Basic Materials,Chemical - Specialty,NO,20.28,1.09,1310.06,12,,,,,,,
1338,Hannover Ruck,HVRRY,OTC,Finance,Insurance - Brokerage,NO,107.83,0.7,26007.95,12,15.27,,,6.07,,,
1340,Howden Joinery,HWDJY,OTC,Consumer Discretionary,Household Appliances,NO,35.0,0.78,4798.1,12,,,,2.68,,,
1341,Hawkins,HWKN,NSDQ,Basic Materials,Chemical - Specialty,YES,48.64,0.82,1024.63,3,17.01,18.93,,2.8,2.57,,
1344,,HYG,NYSE,Finance,Financial - Investment Funds,YES,75.24,0.43,15890.69,12,,,,,,,
1345,Hyundai Motor Co.,HYMLF,OTC,Auto-Tires-Trucks,Automotive - Foreign,NO,89.0,-0.01,19016.47,12,,,,,,,
1347,IAC INC,IAC,NSDQ,Conglomerates,Diversified Operations,YES,68.44,1.16,5479.68,12,,19.88,,-13.93,3.44,-0.94,
1351,,IAU,NYSE,Finance,Financial - Investment Funds,YES,37.04,0.14,27983.72,12,,,,,,,
1352,,IBB,NSDQ,Finance,Financial - Investment Funds,YES,129.24,0.82,7528.23,12,,,,,,,
1357,International Bancshares,IBOC,NSDQ,Finance,Banks - Southwest,YES,47.07,0.97,2923.73,12,8.44,,,,,,
1359,ImmunityBio,IBRX,NSDQ,Medical,Medical - Biomedical and Genetics,YES,3.04,1.53,1325.39,12,,,,-1.0,-1.04,-0.87,
1363,,ICF,AMEX,Finance,Financial - Investment Funds,YES,56.56,0.85,2270.88,12,,,,,,,
1370,Industrial & Commercial Bank of China,IDCBY,OTC,Finance,Banks - Foreign,NO,9.21,0.25,164125.09,12,3.25,,,,,,
1373,,IDV,AMEX,Finance,Financial - Investment Funds,YES,27.08,0.88,4840.55,12,,,,,,,
1375,IDEAYA Biosciences,IDYA,NSDQ,Medical,Medical - Biomedical and Genetics,YES,22.62,0.82,1295.9,12,,,,-1.47,-2.02,-2.64,
1376,Ivanhoe Electric Inc.,IE,AMEX,Business Services,Technology Services,NO,16.41,,1697.67,12,,,,-1.57,-0.83,-0.9,
1377,,IEF,NSDQ,Finance,Financial - Investment Funds,YES,96.69,0.04,29432.44,12,,,,,,,
1379,IES,IESC,NSDQ,Computer and Technology,Electronics - Miscellaneous Services,YES,58.44,1.29,1178.81,9,17.71,,,,,,
1384,,IGIB,NSDQ,Finance,Financial - Investment Funds,YES,50.54,0.28,11780.88,12,,,,,,,
1385,,IGSB,NSDQ,Finance,Financial - Investment Funds,YES,50.23,0.11,22942.55,12,,,,,,,
1388,IHI CORP,IHICY,OTC,Industrial Products,Manufacturing - General Industrial ,NO,6.5,0.22,4021.68,3,10.16,9.85,8.13,,0.66,0.8,
1392,InterRent Real Estate Investment Trust,IIPZF,OTC,Finance,REIT and Equity Trust - Residential,NO,9.9563,0.6,1417.96,12,23.15,,,,,,
1393,,IJH,NYSE,Finance,Financial - Investment Funds,YES,268.47,1.13,71332.48,12,,,,,,,
1394,,IJJ,NYSE,Finance,Financial - Investment Funds,YES,109.85,1.18,7316.01,12,,,,,,,
1395,,IJK,NYSE,Finance,Financial - Investment Funds,YES,77.09,1.09,8152.27,12,,,,,,,
1396,,IJR,NYSE,Finance,Financial - Investment Funds,YES,102.22,1.15,71063.34,12,,,,,,,
1397,,IJS,NYSE,Finance,Financial - Investment Funds,YES,97.36,1.18,6956.37,12,,,,,,,
1398,,IJT,NSDQ,Finance,Financial - Investment Funds,YES,118.17,1.13,5299.92,12,,,,,,,
1400,,ILF,NYSE,Finance,Financial - Investment Funds,YES,27.37,1.03,1395.87,12,,,,,,,
1403,Immunocore,IMCR,NSDQ,Medical,Medical - Biomedical and Genetics,YES,63.5,0.6,3053.61,12,,,,-0.44,-1.53,-1.33,
1404,ImmunoGen,IMGN,NSDQ,Medical,Medical - Drugs,YES,19.47,0.98,4401.59,12,,,,-0.94,-0.53,-0.27,
1405,Ingles Markets,IMKTA,NSDQ,Retail-Wholesale,Retail - Supermarkets,YES,82.5,0.67,1567.04,9,6.33,,,,,,
1407,Impala Platinum,IMPUY,OTC,Basic Materials,Mining - Miscellaneous,NO,7.53,1.57,6524.0,6,,,,,,,
1408,Immunovant,IMVT,NSDQ,Medical,Medical - Biomedical and Genetics,YES,23.13,0.88,3019.92,3,,,,-1.66,-1.77,-1.8,
1409,Inhibrx,INBX,NSDQ,Medical,Medical - Biomedical and Genetics,YES,25.38,2.79,1106.97,12,,,,-3.25,-4.06,-3.98,
1412,indie Semiconductor,INDI,NSDQ,Computer and Technology,Electronics - Semiconductors,YES,9.72,0.81,1556.71,12,,,34.1,-0.43,-0.19,0.28,
1419,Innergex Renewable Energy,INGXF,OTC,Utilities,Utility - Electric Power,NO,9.83,0.49,2007.44,12,,,,,,,
1421,Insmed,INSM,NSDQ,Medical,Medical - Biomedical and Genetics,YES,20.7,1.53,2824.16,12,,,,-3.68,-4.43,-3.87,
1422,Inspire Medical Systems,INSP,NYSE,Medical,Medical Info Systems,YES,325.91,1.44,9451.39,12,,,,-2.26,-1.18,-0.21,
1430,IonQ,IONQ,NYSE,Computer and Technology,Computer - Integrated Systems,YES,14.9,1.95,2995.32,12,,,,,-0.62,-0.59,
1431,Ionis Pharmaceuticals,IONS,NSDQ,Medical,Medical - Drugs,YES,42.2,0.51,6038.82,12,,,,-2.62,-3.58,-3.41,
1433,Samsara Inc.,IOT,NYSE,Computer and Technology,Internet - Software,YES,28.37,1.42,14994.44,1,,,545.58,-0.16,-0.02,0.05,
1434,Iovance Biotherapeutics,IOVA,NSDQ,Medical,Medical - Biomedical and Genetics,YES,8.02,0.11,1984.54,12,,,,-2.48,-2.4,-1.57,
1439,Inpex,IPXHY,OTC,Oils-Energy,Oil and Gas - Exploration and Production - International,NO,12.05,1.21,16709.34,12,4.26,,,,,,
1443,iRobot,IRBT,NSDQ,Industrial Products,Industrial Automation and Robotics,YES,49.21,1.16,1357.9,12,,,,-2.76,-5.95,-4.59,
1447,iRhythm Technologies,IRTC,NSDQ,Medical,Medical Info Systems,YES,99.93,1.34,3044.94,12,,,,-3.82,-3.43,-2.56,
1449,Indra Sistemas,ISMAY,OTC,Business Services,Technology Services,NO,5.95,0.97,2102.19,12,15.26,,,,,,
1453,IntraCellular Therapies,ITCI,NSDQ,Medical,Medical - Biomedical and Genetics,YES,63.52,1.11,6093.19,12,,,,-2.84,-2.28,-0.94,
1454,Banco Itau Chile Sponsored ADR,ITCL,NYSE,Finance,Banks - Foreign,NO,3.46,0.97,2245.58,12,4.74,,,0.69,,,
1456,Itochu,ITOCY,OTC,Retail-Wholesale,Retail - Miscellaneous,NO,78.57,0.69,62262.39,3,10.23,,,,,,
1460,ITV,ITVPY,OTC,Consumer Discretionary,Broadcast Radio and Television,NO,8.9,1.61,3582.61,12,,,,,,,
1463,,IVV,NYSE,Finance,Financial - Investment Funds,YES,453.33,1.0,344236.16,12,,,,,,,
1465,,IWD,NYSE,Finance,Financial - Investment Funds,YES,159.18,0.96,51327.59,12,,,,,,,
1466,,IWF,NYSE,Finance,Financial - Investment Funds,YES,283.01,1.08,73115.64,12,,,,,,,
1467,,IWM,NYSE,Finance,Financial - Investment Funds,YES,193.58,1.15,56051.09,12,,,,,,,
1468,,IWN,NYSE,Finance,Financial - Investment Funds,YES,145.54,1.15,11686.86,12,,,,,,,
1469,,IWO,NYSE,Finance,Financial - Investment Funds,YES,250.74,1.15,10330.49,12,,,,,,,
1470,,IWP,NYSE,Finance,Financial - Investment Funds,YES,99.85,1.1,13539.66,12,,,,,,,
1471,,IWR,NYSE,Finance,Financial - Investment Funds,YES,75.05,1.09,29517.17,12,,,,,,,
1472,,IWS,NYSE,Finance,Financial - Investment Funds,YES,112.63,1.09,13025.66,12,,,,,,,
1473,Orix Corp Ads,IX,NYSE,Finance,Financial - Miscellaneous Services,NO,92.36,0.87,21832.21,3,10.84,8.56,,8.74,10.79,,0.43
1474,,IYE,NYSE,Finance,Financial - Investment Funds,YES,43.15,1.37,1285.87,12,,,,,,,
1475,,IYR,NYSE,Finance,Financial - Investment Funds,YES,88.55,0.91,3121.39,12,,,,,,,
1476,,IYW,NYSE,Finance,Financial - Investment Funds,YES,112.44,1.14,13430.96,12,,,,,,,
1481,JBG SMITH Properties,JBGS,NYSE,Finance,REIT and Equity Trust - Other,YES,15.88,0.98,1769.73,12,12.22,,,,,,
1486,JBS,JBSAY,OTC,Consumer Staples,Food - Meat Products,NO,7.88,0.99,8739.38,12,5.02,,,,,,
1487,John B. Sanfilippo & Son,JBSS,NSDQ,Consumer Staples,Food - Miscellaneous,YES,108.72,0.3,1256.35,6,19.28,,,,,,
1494,Jiangsu Expressway Co.,JEXYY,OTC,Construction,Building Products - Heavy Construction,NO,18.2,0.37,4584.35,12,,,,,,,
1501,Jardine Matheson,JMHLY,OTC,Conglomerates,Diversified Operations,NO,50.13,0.24,14576.45,12,,,,,,,
1504,,JNK,NYSE,Finance,Financial - Investment Funds,YES,92.32,0.45,8407.58,12,,,,,,,
1506,"Joby Aviation, Inc.",JOBY,NYSE,Transportation,Transportation - Airline,YES,10.19,2.12,6429.67,12,,,,-0.5,-0.68,-0.67,
1507,The St. Joe Company,JOE,NYSE,Finance,Real Estate - Development,YES,53.5,1.25,3122.9,12,46.12,,,,,,
1512,JSR CP UNSP,JSCPY,OTC,Basic Materials,Chemical - Plastic,NO,29.75,0.79,6199.9,3,53.13,,,,,,
1513,Grubhub,JTKWY,OTC,Retail-Wholesale,Internet - Commerce,NO,3.35,1.7,3684.43,12,,,,-2.52,-0.52,-0.33,
1518,Kaiser Aluminum,KALU,NSDQ,Industrial Products,Metal Products - Procurement and Fabrication,YES,76.8,1.31,1227.06,12,,29.09,13.38,,2.64,5.74,
1524,Kingsoft Cloud,KC,NSDQ,Computer and Technology,Internet - Software,YES,6.35,2.35,1610.9,12,,,,-1.07,-0.46,-0.32,
1525,KimberlyClark de Mexico,KCDMY,OTC,Basic Materials,Paper and Related Products,NO,11.82,0.65,7269.61,12,34.76,,,,,,
1526,"Kyndryl Holdings, Inc.",KD,NYSE,Business Services,Technology Services,YES,12.76,1.48,2907.29,3,,,,-4.07,-0.66,-0.39,
1527,KDDI,KDDIY,OTC,Computer and Technology,Wireless Non-US ,NO,15.17,0.09,69864.3,3,13.19,,,,,,
1528,Chinook Therapeutics,KDNY,NSDQ,Medical,Medical - Drugs,YES,39.38,0.32,2634.1,12,,,,-2.78,-3.21,-3.42,
1530,Kenon,KEN,NYSE,Utilities,Utility - Electric Power,YES,23.91,1.37,1288.44,12,,,,,,,
1531,Korea Electric Power,KEP,NYSE,Utilities,Utility - Electric Power,YES,7.89,0.77,10130.19,12,,,,,,,
1538,Kingdee International Software Group Co.,KGDEY,OTC,Computer and Technology,Internet - Software,NO,134.45,0.3,4673.92,12,,,,,,,
1540,"Kodiak Gas Services, Inc.",KGS,NYSE,Oils-Energy,Oil and Gas - Mechanical and and Equipment,NO,16.28,,1221.0,12,,,,,,,
1543,OrthoPediatrics,KIDS,NSDQ,Medical,Medical - Instruments,YES,44.97,0.88,1049.02,12,,,,-0.8,-0.95,-0.78,
1545,Nextdoor,KIND,NYSE,Computer and Technology,Internet - Software,YES,3.23,0.73,1209.88,12,,,,-0.37,-0.33,-0.29,
1546,Koninklijke KPN,KKPNY,OTC,Utilities,Diversified Communication Services,NO,3.65,0.35,15340.38,12,,,,,,,
1551,Kunlun Energy,KLYCY,OTC,Oils-Energy,Oil and Gas - Exploration and Production - International,NO,7.53,0.89,6520.08,12,,,,1.01,,,
1554,Kemper,KMPR,NYSE,Finance,Insurance - Multi line,YES,46.59,0.91,2981.35,12,,,10.96,-2.55,-0.05,4.25,
1558,Knowles,KN,NYSE,Computer and Technology,Communication - Components,YES,17.8,1.42,1626.55,12,18.54,,,1.25,,,
1559,Kirin,KNBWY,OTC,Consumer Staples,Beverages - Alcohol,NO,14.795,0.36,12333.26,12,16.44,,,1.28,,,
1560,Knife River Corporation,KNF,NYSE,Construction,Building Products - Miscellaneous,NO,42.94,,2429.12,12,,23.21,19.52,,1.85,2.2,2.9
1561,Kiniksa Pharmaceuticals,KNSA,NSDQ,Medical,Medical - Biomedical and Genetics,YES,15.26,-0.11,1066.67,12,58.69,,218.0,2.25,-0.6,0.07,
1568,Keppel,KPELY,OTC,Transportation,Transportation - Shipping,NO,10.302,0.71,9058.0,12,,,,,,,
1571,Keppel REIT,KREVF,OTC,Finance,REIT and Equity Trust - Other,NO,0.6753,0.42,2513.4,12,,,,,,,
1573,Kornit Digital,KRNT,NSDQ,Industrial Products,Commercial Printing,YES,31.35,1.72,1566.03,12,,,184.41,-0.63,-0.53,0.17,
1575,Keros Therapeutics,KROS,NSDQ,Medical,Medical - Biomedical and Genetics,YES,42.0,1.08,1242.54,12,,,,-4.18,-5.44,-5.44,
1577,Karuna Therapeutics,KRTX,NSDQ,Medical,Medical - Biomedical and Genetics,YES,209.655,1.06,7890.8,12,,,,-8.78,-11.49,-11.42,
1580,Krystal Biotech,KRYS,NSDQ,Medical,Medical - Biomedical and Genetics,YES,127.88,0.81,3299.27,12,,,,-5.36,-4.78,-1.31,
1585,Kuraray Co.,KURRY,OTC,Basic Materials,Chemical - Plastic,NO,29.55,0.53,3350.4,12,7.12,,,,,,
1586,Kenvue Inc.,KVUE,NYSE,Consumer Staples,Consumer Products - Staples,YES,24.89,,47661.72,12,,20.74,20.29,,1.2,1.23,
1587,Kennedy-Wilson,KW,NYSE,Finance,Real Estate - Operations,YES,16.86,1.17,2350.13,12,16.86,,,1.82,,,
1590,Kymera Therapeutics,KYMR,NSDQ,Medical,Medical - Biomedical and Genetics,YES,22.56,1.5,1247.74,12,,,,-2.82,-2.64,-3.14,
1592,Loews,L,NYSE,Finance,Insurance - Multi line,YES,60.11,0.83,13698.96,12,12.07,,,,,,
1597,Lancaster Colony,LANC,NSDQ,Consumer Staples,Food - Miscellaneous,YES,186.78,0.22,5140.56,6,36.99,27.67,,5.0,6.75,,
1600,Luminar Technologies,LAZR,NSDQ,Auto-Tires-Trucks,Automotive - Original Equipment,YES,7.12,1.53,2688.92,12,,,,-0.74,-0.81,-0.48,
1601,Liberty Broadband,LBRDA,NSDQ,Consumer Discretionary,Cable Television,YES,81.56,1.16,11923.84,12,12.27,,,,,,
1604,Liberty Global,LBTYA,NSDQ,Consumer Discretionary,Cable Television,YES,17.89,1.25,7965.51,12,1.54,,,1.81,-1.41,-0.78,
1605,Liberty Global,LBTYB,NSDQ,Consumer Discretionary,Cable Television,NO,17.93,0.84,7983.32,12,1.54,,,,,,
1606,Liberty Global,LBTYK,NSDQ,Consumer Discretionary,Broadcast Radio and Television,YES,18.85,1.23,8392.95,12,1.62,,,,,,
1608,Lucid Group,LCID,NSDQ,Auto-Tires-Trucks,Automotive - Domestic,YES,7.03,0.98,12894.76,12,,,,-1.09,-1.41,-1.06,
1614,LEG Immobilien,LEGIF,OTC,Finance,Real Estate - Operations,NO,67.424,0.5,4996.75,12,,25.83,28.21,,2.61,2.39,
1615,Legend Biotech,LEGN,NSDQ,Medical,Medical - Biomedical and Genetics,YES,70.04,-0.02,11561.31,12,,,,-2.66,-2.48,-1.72,
1617,Lennar,LEN.B,NYSE,Construction,Building Products - Home Builders,NO,118.08,1.49,33938.88,11,7.74,,,,,,
1620,LifeStance Health Group,LFST,NSDQ,Medical,Medical - Outpatient and Home Healthcare,YES,9.25,0.96,3485.16,12,,,,-0.61,-0.29,-0.24,
1623,Lions Gate Entertainment,LGF.B,NYSE,Consumer Discretionary,Film and Television Production and Distribution,YES,7.07,1.43,1622.77,3,58.92,,,,,,
1624,Legal & General Group,LGGNY,OTC,Finance,Insurance - Multi line,NO,15.027,1.48,17965.72,12,,,,2.05,,,
1630,Li-Cycle Holdings Corp.,LICY,NYSE,Computer and Technology,Electronics - Miscellaneous Products,YES,5.99,1.22,1057.25,12,,,,-0.29,-0.86,-0.51,
1632,Liberty Latin America,LILA,NSDQ,Computer and Technology,Wireless National,YES,8.17,1.36,1748.32,12,,,19.45,-1.36,-0.46,0.42,
1633,Liberty Global,LILAK,NSDQ,Computer and Technology,Wireless National,YES,8.08,1.34,1729.06,12,,,,,,,
1639,Luckin Coffee,LKNCY,OTC,Consumer Staples,Beverages - Soft drinks,NO,27.4,-0.62,7619.19,12,38.06,,,,,,
1643,Lemonade,LMND,NYSE,Finance,Insurance - Multi line,YES,20.06,1.38,1393.98,12,,,,-4.86,-3.85,-3.47,
1653,"LanzaTech Global, Inc.",LNZA,NSDQ,Business Services,Technology Services,NO,5.81,1.36,1135.57,12,,,,,-0.5,-0.76,
1658,LG Display Co.,LPL,NYSE,Computer and Technology,Computer - Peripheral Equipment,YES,6.08,1.41,4351.04,12,,,,-1.78,-2.99,-0.53,
1662,,LQD,NYSE,Finance,Financial - Investment Funds,YES,107.63,0.32,36142.15,12,,,,,,,
1668,Lightspeed POS,LSPD,NYSE,Business Services,Technology Services,YES,18.08,2.36,2733.16,3,,,97.2,-0.2,-0.01,0.19,
1670,Liberty Media,LSXMA,NSDQ,Computer and Technology,Satellite and Communication,YES,34.0,1.13,11103.57,12,10.59,10.68,10.7,,3.18,3.18,
1671,Liberty Media,LSXMB,NSDQ,Computer and Technology,Satellite and Communication,NO,33.75,1.03,11021.93,12,10.51,,,,,,
1676,LATAM Airlines Group,LTMAY,OTC,Transportation,Transportation - Airline,NO,0.72,3.45,435766.94,12,,,,,,,
1677,Liberty TripAdvisor,LTRPB,NSDQ,Computer and Technology,Internet - Services,NO,37.9,5.95,2880.84,12,114.85,,,,,,
1685,"LiveWire Group, Inc.",LVWR,NYSE,Auto-Tires-Trucks,Automotive - Domestic,YES,12.11,1.12,2451.1,12,,,,,,,
1691,Lynas,LYSDY,OTC,Basic Materials,Mining - Miscellaneous,NO,4.695,1.22,4384.26,6,,,,,,,
1705,Manchester United,MANU,NYSE,Consumer Discretionary,Leisure and Recreation Services,YES,23.65,0.75,3896.22,6,,,675.71,-0.2,-0.08,0.04,
1714,Marui Group Co.,MAURY,OTC,Retail-Wholesale,Retail - Regional Department Stores,NO,35.88,0.52,3732.16,3,23.0,,,,,,
1715,Man Wah Holdings,MAWHY,OTC,Consumer Discretionary,Furniture,NO,12.675,1.33,2475.87,3,,,,,,,
1717,,MBB,NSDQ,Finance,Financial - Investment Funds,YES,93.55,0.1,27531.77,12,,,,,,,
1718,"MasterBrand, Inc.",MBC,NYSE,Consumer Discretionary,Furniture,YES,12.1,,1554.96,12,,,,,,,
1731,Mercury General,MCY,NYSE,Finance,Insurance - Property and Casualty,YES,29.16,0.58,1614.62,12,,,19.44,-1.45,-2.55,1.5,
1735,Melco International Development,MDEVF,OTC,Consumer Discretionary,Gaming,NO,0.9535,0.57,1446.16,12,,,,,,,
1736,Madrigal Pharmaceuticals,MDGL,NSDQ,Medical,Medical - Drugs,YES,223.03,-0.76,4079.03,12,,,,-16.67,-18.22,-7.35,
1743,Montrose Environmental Group,MEG,NYSE,Business Services,Waste Removal Services,YES,45.09,1.65,1356.23,12,,,,-1.33,-1.47,-0.94,
1764,Mirion Technologies,MIR,NYSE,Business Services,Technology Services,YES,8.2,0.55,1849.19,12,24.85,,,,,,
1765,Mirum Pharmaceuticals,MIRM,NSDQ,Medical,Medical - Biomedical and Genetics,YES,27.14,1.27,1032.18,12,,,,-3.99,-2.97,-0.92,
1766,Mitsubishi Estate Co.,MITEY,OTC,Finance,Real Estate - Development,NO,12.11,0.44,16037.13,3,11.64,12.36,,0.88,0.98,,
1770,"McCormick & Company, Incorporated",MKC.V,NYSE,Consumer Staples,Food - Miscellaneous,NO,87.4799,0.5,23473.18,11,33.52,,,,,,
1774,Melco Resorts & Entertainment Limited,MLCO,NSDQ,Consumer Discretionary,Gaming,YES,13.39,1.18,5959.74,12,,,18.6,-2.04,,0.72,
1775,Mueller Industries,MLI,NYSE,Industrial Products,Metal Products - Procurement and Fabrication,YES,89.5,1.12,5101.5,12,7.51,,,,,,
1777,Metallurgical Corp. of China,MLLUY,OTC,Construction,Engineering - R and D Services,NO,4.81,0.47,4984.03,12,4.22,,,,,,
1780,MOONLAKE IMMUNO,MLTX,NSDQ,Medical,Medical - Biomedical and Genetics,NO,57.6,1.41,3035.58,12,,,,-1.5,-0.98,-1.34,
1782,Marcus & Millichap,MMI,NYSE,Finance,Real Estate - Development,YES,34.63,1.04,1332.44,12,21.38,,,,,,
1789,MannKind,MNKD,NSDQ,Medical,Medical - Biomedical and Genetics,YES,4.35,1.48,1149.73,12,,,41.43,-0.34,-0.14,0.1,
1799,Moog,MOG.B,NYSE,Aerospace,Aerospace - Defense Equipment,NO,112.0,1.19,3567.37,9,19.86,,,,,,
1804,MorphoSys,MOR,NSDQ,Medical,Medical - Biomedical and Genetics,YES,8.12,1.1,1111.85,12,,,,-2.89,-2.03,-2.03,
1805,Morphic,MORF,NSDQ,Medical,Medical - Biomedical and Genetics,YES,59.34,1.11,2668.8,12,,,,-1.77,-3.71,-4.38,
1806,Morningstar,MORN,NSDQ,Business Services,Business - Information Services,YES,209.08,1.14,8896.56,12,67.88,,,,,,
1811,MultiPlan,MPLN,NYSE,Medical,Medical Services,YES,2.09,0.79,1364.43,12,,,,,,,
1815,Marqeta,MQ,NSDQ,Business Services,Financial Transaction Services,YES,5.13,1.77,2773.42,12,,,,-0.4,-0.35,-0.27,
1816,Murata Manufacturing,MRAAY,OTC,Industrial Products,Manufacturing - Electronics,NO,14.565,0.87,39371.57,3,19.42,,,0.9,,,
1819,Moderna,MRNA,NSDQ,Medical,Medical - Biomedical and Genetics,YES,122.6,1.63,46736.22,12,10.6,,,21.22,-3.06,-4.09,
1822,Mirati Therapeutics,MRTX,NSDQ,Medical,Medical - Biomedical and Genetics,YES,34.5,0.99,2007.45,12,,,,-13.5,-12.39,-10.8,
1823,Merus,MRUS,NSDQ,Medical,Medical - Biomedical and Genetics,YES,25.9,0.8,1205.15,12,,,,-1.97,-3.52,-3.09,
1828,MS&AD Insurance Group,MSADY,OTC,Finance,Insurance - Property and Casualty,NO,18.4,0.45,19723.6,3,15.33,8.64,,1.84,2.13,,
1829,Mitsubishi,MSBHF,OTC,Conglomerates,Diversified Operations,NO,49.6,0.62,36613.77,3,7.64,,,,,,
1845,Mitsubishi Chemical,MTLHY,OTC,Basic Materials,Chemical - Diversified ,NO,29.35,0.49,8841.91,3,11.07,,,,,,
1847,MTN Group,MTNOY,OTC,Computer and Technology,Wireless Non-US ,NO,7.6,1.38,14320.45,12,,,,,,,
1850,Matterport,MTTR,NSDQ,Business Services,Technology Services,YES,3.46,1.53,1023.71,12,,,,-0.42,-0.29,-0.24,
1851,CECONOMY,MTTRY,OTC,Consumer Discretionary,Consumer Products - Discretionary,NO,0.576,1.78,1397.44,9,,,,,,,
1855,Micron Technology,MU,NSDQ,Computer and Technology,Semiconductor Memory,YES,65.16,1.33,71369.86,8,,,,8.29,-4.56,-1.52,
1856,,MUB,NYSE,Finance,Financial - Investment Funds,YES,106.83,0.11,32700.66,12,,,,,,,
1857,,MUC,NYSE,Finance,Financial - Investment Funds,NO,10.8,0.36,1037.26,12,,,,,,,
1863,Orbia Advance,MXCHY,OTC,Basic Materials,Chemical - Specialty,NO,4.68,0.03,4914.0,12,,,,0.7,,,
1865,Myriad Genetics,MYGN,NSDQ,Medical,Medical - Biomedical and Genetics,YES,22.63,1.8,1845.59,12,,,,-0.34,-0.33,0.0,
1867,Magyar Telekom Tavkozlesi Nyrt,MYTAY,OTC,Utilities,Wireline Non-US,NO,6.26,0.67,1248.2,12,5.96,,,,,,
1869,NaaS Technology Inc. Sponsored ADR,NAAS,NSDQ,Computer and Technology,Electronics - Power Generation,YES,5.37,1.2,1198.57,12,,,,,,,
1873,Inari Medical,NARI,NSDQ,Medical,Medical - Instruments,YES,57.66,1.06,3296.54,12,,,177.41,-0.61,-0.27,0.32,
1881,Nitori Holdings,NCLTY,OTC,Consumer Staples,Consumer Products - Staples,NO,12.5,0.75,14126.49,2,17.86,,,,,,
1886,Nine Dragons Paper,NDGPY,OTC,Industrial Products,Containers - Paper and Packaging,NO,12.22,0.44,2866.95,6,,,,,,,
1889,Noble Corporation PLC,NE,NYSE,Oils-Energy,Oil and Gas - Drilling,YES,49.14,1.13,6812.24,12,32.76,,,,,,
1892,NeoGenomics,NEO,NSDQ,Medical,Medical - Biomedical and Genetics,YES,17.19,1.06,2193.07,12,,,,-0.66,-0.33,-0.17,
1896,NewMarket,NEU,NYSE,Basic Materials,Chemical - Specialty,YES,431.11,0.37,4149.85,12,13.38,,,,,,
1902,Novagold Resources,NG,AMEX,Basic Materials,Mining - Gold,YES,4.44,0.76,1483.55,11,,,,-0.14,-0.11,,
1907,Nihon Kohden,NHNKY,OTC,Medical,Medical - Instruments,NO,13.35,-0.12,2355.77,3,18.29,,,,,,
1913,NIO,NIO,NYSE,Auto-Tires-Trucks,Automotive - Foreign,YES,10.56,1.97,17624.71,12,,,,-0.96,-1.37,-0.62,
1917,Nikola,NKLA,NSDQ,Auto-Tires-Trucks,Automotive - Domestic,YES,2.33,1.8,1617.23,12,,,,-1.2,-0.85,-0.52,
1923,Nissan Chemical,NNCHY,OTC,Basic Materials,Chemical - Specialty,NO,43.06,0.27,6084.38,3,20.03,,,,,,
1925,Nelnet,NNI,NYSE,Finance,Financial - Consumer Loans,YES,97.81,0.81,3647.25,12,17.4,,,,,,
1932,Sunnova Energy International,NOVA,NYSE,Oils-Energy,Solar,YES,22.91,2.04,2664.21,12,,,,-1.55,-1.5,-1.18,
1935,Nippon Yusen Kabushiki Kaisha,NPNYY,OTC,Transportation,Transportation - Shipping,NO,4.83,1.44,12320.49,3,,,,2.92,,,
1937,Nippon Steel & Sumitomo Metal,NPSCY,OTC,Basic Materials,Steel - Producers,NO,7.29,0.98,20783.53,3,4.27,,,,,,
1938,NSK,NPSKY,OTC,Industrial Products,Metal Products - Procurement and Fabrication,NO,12.68,0.82,3251.5,3,24.39,,,,,,
1939,Naspers,NPSNY,OTC,Consumer Discretionary,Cable Television,NO,37.68,0.58,82050.28,3,,20.37,,0.8,1.85,,
1940,NET POWER INC,NPWR,NYSE,Oils-Energy,Alternative Energy - Other,NO,13.33,0.24,1609.63,12,,,,,-0.61,-0.72,
1941,National Research,NRC,NSDQ,Business Services,Business - Information Services,YES,43.01,0.48,1058.47,12,35.54,,,,,,
1960,National Bank of Canada,NTIOF,OTC,Finance,Banks - Foreign,NO,76.18,1.08,25746.28,10,10.82,,,,,,
1961,Intellia Therapeutics,NTLA,NSDQ,Medical,Medical - Biomedical and Genetics,YES,44.13,1.82,3889.66,12,,,,-6.13,-5.33,-5.61,
1964,Natera,NTRA,NSDQ,Medical,Medical Services,YES,49.25,1.21,5629.36,12,,,,-5.64,-4.06,-2.57,
1967,Nippon Telegraph and Telephone,NTTYY,OTC,Utilities,Diversified Communication Services,NO,29.3,0.19,105315.72,3,11.44,,,,,,
1971,,NUV,NYSE,Finance,Financial - Investment Funds,NO,8.67,0.29,1799.39,10,,,,,,,
1973,Nuvalent,NUVL,NSDQ,Medical,Medical - Biomedical and Genetics,YES,43.15,1.29,2451.82,12,,,,-1.56,-2.06,-2.61,
1974,NovoCure Limited,NVCR,NSDQ,Medical,Medical Services,YES,40.57,0.64,4308.91,12,,,,-0.85,-1.95,-2.11,
1985,Navitas Semiconductor,NVTS,NSDQ,Computer and Technology,Electronics - Semiconductors,YES,10.39,2.39,1776.1,12,,,,-0.28,-0.25,-0.12,
1991,National Western Life Group,NWLI,NSDQ,Finance,Insurance - Life Insurance,NO,418.9,0.8,1523.13,12,19.17,,,,,,
1993,News Corporation,NWS,NSDQ,Consumer Discretionary,Film and Television Production and Distribution,YES,20.64,1.34,11836.29,6,28.67,,,,,,
1995,NWTN INC,NWTN,NSDQ,Business Services,Technology Services,NO,10.08,0.01,2884.75,12,,,,,,,
1996,NexGen Energy,NXE,NYSE,Basic Materials,Mining - Miscellaneous,YES,4.64,1.93,2272.75,12,,,,-0.06,-0.06,-0.1,
2008,OCADO GROUP,OCDDY,OTC,Retail-Wholesale,Internet - Commerce,NO,15.55,2.22,6431.86,11,,,,-1.09,-0.9,-0.55,
2021,,OIH,NYSE,Finance,Financial - Investment Funds,YES,323.53,2.01,2264.89,12,,,,,,,
2027,Olink Holding,OLK,NSDQ,Medical,Medical Info Systems,YES,19.69,0.76,2420.98,12,,,196.9,-0.11,-0.1,0.1,
2041,ONEX,ONEXF,OTC,Finance,Financial - Investment Management,NO,57.01,1.43,4610.01,12,105.57,,,,,,
2044,OPAL FUELS INC,OPAL,NSDQ,Oils-Energy,Alternative Energy - Other,YES,7.21,0.65,1240.44,12,51.5,,6.98,0.07,-0.15,1.03,
2046,Opendoor Technologies,OPEN,NSDQ,Business Services,Technology Services,YES,4.315,2.2,2799.47,12,,,,-0.89,-1.3,-0.4,
2047,OPKO Health,OPK,NSDQ,Medical,Medical - Instruments,YES,2.12,1.81,1638.02,12,,,,-0.45,-0.25,-0.23,
2048,Opera Limited,OPRA,NSDQ,Computer and Technology,Internet - Content,YES,20.79,1.07,2393.88,12,40.76,,,,,,
2054,Orion OYJ,ORINY,OTC,Medical,Medical - Drugs,NO,21.2,0.29,5984.09,12,18.76,,,,,,
2055,Orkla Asa,ORKLY,OTC,Conglomerates,Diversified Operations,NO,8.0,0.43,8011.45,12,14.03,,,,,,
2058,Orient Overseas International,OROVY,OTC,Transportation,Transportation - Shipping,NO,72.825,1.45,9618.33,12,,11.38,,72.35,6.4,-2.05,
2059,Oscar Health,OSCR,NYSE,Finance,Insurance - Multi line,YES,8.3,1.06,1812.3,12,,,,-2.82,-1.67,-1.0,
2060,OSI Systems,OSIS,NSDQ,Computer and Technology,Electronics - Miscellaneous Components,YES,121.26,0.91,2028.44,6,22.01,17.12,,6.1,7.08,,1.56
2062,Overstock.com,OSTK,NSDQ,Retail-Wholesale,Internet - Commerce,YES,32.36,3.53,1462.75,12,179.78,,,0.58,-0.52,-0.23,
2064,Open Text,OTEX,NSDQ,Computer and Technology,Computer - Software,YES,41.9,1.04,11348.52,6,13.14,9.13,,3.33,4.59,,
2066,Oatly Group,OTLY,NSDQ,Consumer Staples,Food - Dairy Products,YES,2.18,1.15,1291.26,12,,,,-0.6,-0.42,-0.23,
2076,Ozon,OZON,NSDQ,Consumer Discretionary,Consumer Products - Discretionary,YES,11.6,0.37,2510.4,12,,,,-4.73,,,
2080,Pacific Biosciences of California,PACB,NSDQ,Medical,Medical - Instruments,YES,13.93,1.66,3480.99,12,,,,-1.37,-1.24,-1.07,
2084,Paladin Energy,PALAF,OTC,Basic Materials,Mining - Miscellaneous,NO,0.51,1.96,1518.67,6,,,25.5,-0.01,0.0,0.02,
2088,Paramount Global,PARAA,NSDQ,Consumer Discretionary,Media Conglomerates,YES,17.82,1.53,11610.75,12,14.85,,,,,,
2101,Petroleo Brasileiro,PBR.A,NYSE,Oils-Energy,Oil and Gas - Integrated - Emerging Markets,YES,12.05,1.38,78591.31,12,2.36,,,,,,
2102,Permian Basin Royalty Trust,PBT,NYSE,Oils-Energy,Oil and Gas - Royalty Trust - United States,YES,24.42,0.86,1138.19,12,20.87,,,,,,
2104,PCCW,PCCWY,OTC,Computer and Technology,Internet - Services,NO,5.17,0.4,4001.39,12,,,,,,,
2105,Pacific Basin Shipping,PCFBY,OTC,Transportation,Transportation - Shipping,NO,6.14,0.74,1615.99,12,,7.68,5.12,,0.8,1.2,
2108,Procore Technologies,PCOR,NYSE,Business Services,Technology Services,YES,73.78,0.59,10365.91,12,,,,-0.56,-0.25,-0.13,
2111,PureCycle Technologies,PCT,NSDQ,Business Services,Technology Services,YES,11.18,1.22,1829.83,12,,,,-0.64,-0.47,-0.23,
2113,Vaxcyte,PCVX,NSDQ,Medical,Medical - Biomedical and Genetics,YES,47.66,0.92,4466.07,12,,,,-3.32,-2.98,-3.29,
2114,,PCY,NYSE,Finance,Financial - Investment Funds,YES,19.7,0.61,1631.16,12,,,,,,,
2131,,PFF,NSDQ,Finance,Financial - Investment Funds,YES,30.615,0.51,12963.92,12,,,,,,,
2142,,PGX,NYSE,Finance,Financial - Investment Funds,YES,11.24,0.46,4640.43,12,,,,,,,
2147,PHINIA Inc.,PHIN,NYSE,Auto-Tires-Trucks,Automotive - Original Equipment,NO,28.18,,1332.91,12,,,,,,,
2149,Phreesia,PHR,NYSE,Medical,Medical Info Systems,YES,33.5,0.61,1797.58,1,,,,-3.43,-2.71,-2.02,
2151,,PID,NSDQ,Finance,Financial - Investment Funds,YES,18.18,0.94,1113.53,12,,,,,,,
2155,Piper Sandler Companies,PIPR,NYSE,Finance,Financial - Investment Bank,YES,143.28,1.35,2542.08,12,13.69,17.91,,10.13,8.0,,
2166,Pliant Therapeutics,PLRX,NSDQ,Medical,Medical - Biomedical and Genetics,YES,17.84,1.25,1055.35,12,,,,-2.89,-2.99,-3.41,
2169,Plug Power,PLUG,NSDQ,Industrial Products,Manufacturing - Electronics,YES,12.76,1.79,7662.85,12,,,,-1.12,-0.93,-0.34,
2188,PT Bank Mandiri Persero TBK,PPERY,OTC,Finance,Banks - Foreign,NO,14.4,0.75,33600.0,12,,,,,,,
2193,PROCEPT BioRobotics,PRCT,NSDQ,Medical,Medical - Instruments,YES,36.99,0.58,1666.37,12,,,,-1.89,-2.2,-1.73,
2201,"Prime Medicine, Inc.",PRME,NSDQ,Medical,Medical - Biomedical and Genetics,YES,14.99,,1457.46,12,,,,-3.42,-1.68,-1.8,
2202,Paramount Resources,PRMRF,OTC,Oils-Energy,Oil and Gas - Exploration and Production - Canadian,NO,21.61,2.86,3100.44,12,16.01,,,,,,
2205,Pros Holdings,PRO,NYSE,Computer and Technology,Computer - Software,YES,33.84,1.09,1558.14,12,,,402.86,-0.56,-0.06,0.08,
2206,PROKIDNEY CP,PROK,NSDQ,Medical,Medical - Drugs,YES,11.86,-0.25,2788.61,12,,,,-1.15,-1.14,-1.26,
2207,Prosus,PROSY,OTC,Retail-Wholesale,Internet - Commerce,NO,15.46,0.64,242473.25,3,,,,,,,
2209,Prothena,PRTA,NSDQ,Medical,Medical - Biomedical and Genetics,YES,70.6,0.35,3724.27,12,,,,-3.18,-3.98,-4.25,
2213,Prospect Capital,PSEC,NSDQ,Finance,Financial - Investment Management,YES,6.47,1.0,2602.04,6,6.54,7.99,,0.86,0.81,,
2214,Pershing Square,PSHZF,OTC,Finance,Financial - Investment Funds,NO,38.2,1.02,7539.44,12,,,,,,,
2216,PriceSmart,PSMT,NSDQ,Retail-Wholesale,Retail - Discount Stores,YES,78.19,0.88,2427.72,8,19.21,,,,,,
2218,Polestar Automotive Holding UK PLC,PSNY,NSDQ,Auto-Tires-Trucks,Automotive - Foreign,YES,4.63,1.43,9884.64,12,,,,,-0.5,-0.69,
2223,PTC Therapeutics,PTCT,NSDQ,Medical,Medical - Drugs,YES,38.67,0.4,2868.95,12,,,,-7.3,-4.25,-3.19,
2225,Protagonist Therapeutics,PTGX,NSDQ,Medical,Medical - Biomedical and Genetics,YES,21.11,1.93,1208.57,12,,,,-2.6,-2.34,-2.2,
2227,Peloton Interactive,PTON,NSDQ,Consumer Discretionary,Leisure and Recreation Products,YES,8.83,1.9,3128.8,6,,,,-3.39,-1.35,-1.11,
2229,,PTY,NYSE,Finance,Financial - Investment Funds,NO,13.77,0.9,1861.76,11,11.1,,,,,,
2247,,QQQ,NSDQ,Finance,Financial - Investment Funds,YES,382.61,1.1,212042.45,12,,,,,,,
2248,,QQQX,NSDQ,Finance,Financial - Investment Funds,NO,25.1,1.11,1216.73,12,,,,,,,
2249,Qurate Retail Group,QRTEB,NSDQ,Retail-Wholesale,Internet - Commerce,NO,7.6,1.59,2953.62,12,,,,,,,
2251,QuantumScape,QS,NYSE,Auto-Tires-Trucks,Automotive - Original Equipment,YES,10.27,5.05,4556.41,12,,,,-0.93,-0.92,-0.92,
2256,Raiffeisen Bank International,RAIFY,OTC,Finance,Banks - Foreign,NO,4.05,1.59,5328.82,12,,,,,,,
2258,Ultragenyx Pharmaceutical,RARE,NSDQ,Medical,Medical - Biomedical and Genetics,YES,44.34,0.87,3139.91,12,,,,-9.97,-8.43,-6.98,
2262,Roblox,RBLX,NYSE,Consumer Discretionary,Gaming,YES,44.46,1.64,24924.05,12,,,,-1.64,-1.82,-1.83,
2265,Rocket Pharmaceuticals,RCKT,NSDQ,Medical,Medical - Biomedical and Genetics,YES,19.49,1.17,1568.19,12,,,,-3.03,-3.08,-2.12,
2269,Arcus Biosciences,RCUS,NYSE,Medical,Medical - Biomedical and Genetics,YES,21.73,0.84,1588.58,12,,,,-3.84,-4.31,-3.02,
2270,Red Electrica Corporacion,RDEIY,OTC,Utilities,Utility - Electric Power,NO,8.37,0.5,9057.68,12,,,,,,,
2271,Redfin,RDFN,NSDQ,Finance,Real Estate - Operations,YES,16.56,2.31,1834.85,12,,,,-3.57,-1.1,-0.9,
2278,Remitly Global,RELY,NSDQ,Business Services,Financial Transaction Services,YES,19.64,0.49,3494.91,12,,,,-0.79,-0.63,-0.53,
2280,Replimune Group,REPL,NSDQ,Medical,Medical - Biomedical and Genetics,YES,21.23,1.68,1226.58,3,,,,-2.73,-3.66,-3.83,
2282,RPC,RES,NYSE,Oils-Energy,Oil and Gas - Field Services,YES,8.42,1.77,1821.83,12,6.28,,,0.91,,,
2283,Reata Pharmaceuticals,RETA,NSDQ,Medical,Medical - Biomedical and Genetics,YES,110.47,1.51,4148.31,12,,,,-8.37,-10.9,-5.06,
2296,Transocean,RIG,NYSE,Oils-Energy,Oil and Gas - Drilling,YES,7.93,2.92,6077.93,12,,,21.73,-0.55,-0.55,0.37,
2297,B. Riley Financial,RILY,NSDQ,Business Services,Auction and Valuation Services,YES,51.28,1.84,1442.8,12,,,,,,,
2299,"Riot Platforms, Inc.",RIOT,NSDQ,Business Services,Technology Services,YES,18.48,4.17,3292.48,12,,,,-2.83,-1.13,-0.69,
2301,Rivian Automotive,RIVN,NSDQ,Auto-Tires-Trucks,Automotive - Domestic,YES,23.99,1.8,22534.65,12,,,,-6.51,-5.1,-3.04,
2303,Rocket Lab USA,RKLB,NSDQ,Aerospace,Aerospace - Defense,YES,6.89,0.96,3297.98,12,,,,-0.29,-0.35,-0.22,
2304,Rocket Companies,RKT,NYSE,Business Services,Technology Services,YES,10.17,2.1,20094.74,12,,,17.19,-0.07,-0.1,0.59,
2305,Rakuten,RKUNY,OTC,Computer and Technology,Internet - Services,NO,4.075,1.06,6491.1,12,,,,-1.21,,,
2307,Relay Therapeutics,RLAY,NSDQ,Medical,Medical - Drugs,YES,12.9,1.34,1568.81,12,,,,-2.77,-3.19,-3.33,
2317,ReNew Energy Global,RNW,NSDQ,Oils-Energy,Alternative Energy - Other,YES,5.64,0.71,2260.7,3,,,20.89,-0.26,-0.1,0.27,
2322,Montes Archimedes Acquisition,ROIV,NSDQ,Medical,Medical - Biomedical and Genetics,YES,11.8,1.23,9048.38,3,,,,-1.65,-1.25,-1.12,
2324,Roku,ROKU,NSDQ,Consumer Discretionary,Broadcast Radio and Television,YES,75.84,1.71,10677.14,12,,,,-3.64,-5.23,-3.29,
2328,Royal Mail,ROYMY,OTC,Transportation,Transportation - Services,NO,6.44,1.83,3078.94,3,,,,,,,
2337,,RSP,NYSE,Finance,Financial - Investment Funds,YES,152.35,1.06,41561.08,12,,,,,,,
2340,RUMBLE INC,RUM,NSDQ,Computer and Technology,Internet - Software,YES,8.31,0.58,3198.62,12,,,,-0.13,-0.55,-0.24,
2341,Sunrun,RUN,NSDQ,Oils-Energy,Solar,YES,21.83,2.28,4706.81,12,311.86,,,0.56,-1.8,-1.07,
2343,Rush Enterprises,RUSHB,NSDQ,Retail-Wholesale,Automotive - Retail and Whole Sales,NO,68.97,0.94,3743.99,12,10.32,,,,,,
2345,Revolution Medicines,RVMD,NSDQ,Medical,Medical - Drugs,YES,26.61,1.44,2829.0,12,,,,-3.31,-3.47,-3.71,
2346,Revance Therapeutics,RVNC,NSDQ,Medical,Medical - Biomedical and Genetics,YES,22.28,0.76,1871.52,12,,,,-4.26,-2.78,-1.02,
2347,,RVT,NYSE,Finance,Financial - Investment Funds,NO,14.21,1.38,1534.06,12,,,,,,,
2349,RWE AG,RWEOY,OTC,Utilities,Utility - Electric Power,NO,44.27,0.9,29936.26,12,7.22,9.93,,4.7,4.46,,6.85
2351,Recursion Pharmaceuticals,RXRX,NSDQ,Medical,Medical - Drugs,YES,13.405,-0.49,2578.58,12,,,,-1.4,-1.42,-1.63,
2352,RxSight,RXST,NSDQ,Medical,Medical - Instruments,YES,32.77,0.62,1113.59,12,,,,-2.58,-1.82,-1.65,
2357,Ryerson,RYI,NYSE,Basic Materials,Steel - Producers,YES,43.33,1.76,1549.84,12,5.85,11.71,,11.85,3.7,,
2359,SentinelOne,S,NYSE,Computer and Technology,Computers - IT Services,YES,14.65,0.27,4278.2,1,,,,-0.74,-0.44,0.0,
2360,Seabridge Gold,SA,NYSE,Basic Materials,Mining - Gold,YES,13.25,0.86,1099.06,12,,,132.5,0.12,-0.18,0.1,
2361,Sabre,SABR,NSDQ,Computer and Technology,Internet - Software and Services,YES,3.61,1.79,1198.72,12,,,16.04,-1.11,-0.57,0.22,
2363,Sage Therapeutics,SAGE,NSDQ,Medical,Medical - Drugs,YES,46.47,1.12,2777.15,12,,,,-8.9,-8.04,-8.09,
2369,Sana Biotechnology,SANA,NSDQ,Medical,Medical - Biomedical and Genetics,YES,6.12,0.69,1171.99,12,,,,-1.81,-1.55,-1.51,
2371,Sanmina,SANM,NSDQ,Computer and Technology,Electronics - Manufacturing Services,YES,60.57,1.18,3523.29,9,10.05,,,4.86,,,
2373,Saipem,SAPMF,OTC,Oils-Energy,Oil and Gas - Drilling,NO,1.7,1.04,3392.45,12,,,28.33,-0.11,-0.02,0.06,
2377,Sampo,SAXPY,OTC,Finance,Insurance - Property and Casualty,NO,21.54,0.89,22021.54,12,17.51,,,1.5,,,
2382,SBI,SBHGF,OTC,Finance,Financial - Investment Bank,NO,20.41,1.01,5004.78,3,23.46,,,,,,
2384,Sino Biopharmaceutical,SBMFF,OTC,Medical,Medical - Biomedical and Genetics,NO,0.43,0.41,8089.96,12,,,,0.03,,,
2392,Sands China,SCHYY,OTC,Consumer Discretionary,Hotels and Motels,NO,36.52,0.64,29557.02,12,,,,-1.8,,,
2397,Scor,SCRYY,OTC,Finance,Insurance - Multi line,NO,2.95,1.17,5300.3,12,49.17,,,-0.23,,,
2398,Schrodinger,SDGR,NSDQ,Medical,Medical Info Systems,YES,54.53,1.22,3884.58,12,,121.18,,-2.2,0.45,-1.43,
2400,Sodexo,SDXAY,OTC,Business Services,Business - Services,NO,21.9,1.01,16146.3,8,,,,0.87,,,
2401,,SDY,NYSE,Finance,Financial - Investment Funds,YES,123.34,0.86,22114.86,12,,,,,,,
2405,Seaboard,SEB,AMEX,Consumer Staples,Food - Miscellaneous,NO,3547.24,0.44,4117.56,12,8.94,,,,,,
2408,SEGRO,SEGXF,OTC,Finance,REIT and Equity Trust - Other,NO,9.52,0.79,11513.05,12,,,,0.39,,,
2415,Stifel Financial,SF,NYSE,Finance,Financial - Investment Bank,YES,62.91,1.25,6676.71,12,11.1,,,,,,
2417,SFL,SFL,NYSE,Transportation,Transportation - Shipping,YES,9.3,0.8,1288.63,12,9.89,,,1.49,,,
2422,Sweetgreen,SG,NYSE,Retail-Wholesale,Retail - Restaurants,YES,15.2,1.93,1694.07,12,,,,-1.53,-0.98,-0.77,
2423,Singapore Telecommunications,SGAPY,OTC,Utilities,Diversified Communication Services,NO,19.5,0.6,32202.3,3,,,,,,,
2424,Seagen,SGEN,NSDQ,Medical,Medical - Biomedical and Genetics,YES,197.6,0.5,37050.79,12,,,,-3.54,-2.95,-0.85,
2427,Shionogi & Co.,SGIOY,OTC,Medical,Medical - Drugs,NO,10.47,0.23,12873.33,3,8.24,11.02,,1.09,0.95,,1.56
2432,Shaftesbury,SHABF,OTC,Finance,Real Estate - Operations,NO,4.586,-0.57,1762.86,9,,,,0.15,,,
2434,ShangriLa Asia,SHALY,OTC,Consumer Discretionary,Hotels and Motels,NO,14.4514,-0.03,2590.79,12,,,,,,,
2436,Sharp,SHCAY,OTC,Consumer Discretionary,Audio Video Production,NO,1.375,1.31,3577.24,3,,,,,,,
2437,SOHO HOUSE&CO,SHCO,NYSE,Computer and Technology,Internet - Software,YES,5.6,1.05,1095.84,12,,,,-1.39,-0.35,-0.15,
2442,,SHM,NYSE,Finance,Financial - Investment Funds,YES,47.12,0.06,4087.66,12,,,,,,,
2443,Shimizu,SHMUY,OTC,Construction,Building Products - Miscellaneous,NO,21.28,0.35,3927.25,3,17.44,,,,,,
2447,,SHV,NSDQ,Finance,Financial - Investment Funds,YES,110.22,0.0,20441.4,12,,,,,,,
2449,Resonac Holdings Corporation Unsponsored ADR,SHWDY,OTC,Basic Materials,Chemical - Diversified ,NO,15.5,0.57,2865.97,12,6.54,,,,,,
2450,Shandong Weigao Medical Polymer Co.,SHWGF,OTC,Medical,Medical - Products,NO,1.725,0.45,7797.0,12,,,,,,,
2451,,SHY,NSDQ,Finance,Financial - Investment Funds,YES,81.2,0.01,26365.64,12,,,,,,,
2456,Grupo Simec,SIM,AMEX,Basic Materials,Steel - Producers,NO,34.97,0.32,5392.15,12,16.11,,,,,,
2464,SJM,SJMHF,OTC,Consumer Discretionary,Gaming,NO,0.421,1.01,2989.86,12,,,,,,,
2467,Sekisui House,SKHSY,OTC,Construction,Building Products - Home Builders,NO,20.83,0.65,13807.43,1,12.94,,,,,,
2472,SkyWest,SKYW,NSDQ,Transportation,Transportation - Airline,YES,40.45,1.96,1797.37,12,25.6,,16.63,2.45,-1.73,2.43,
2476,Standard Life,SLFPY,OTC,Finance,Financial - Miscellaneous Services,NO,11.73,1.38,5754.91,12,,,,0.45,,,
2481,"ACELYRIN, INC.",SLRN,NSDQ,Medical,Medical - Biomedical and Genetics,YES,21.55,,2094.66,12,,,,,-7.03,-3.09,
2482,Sylvamo,SLVM,NYSE,Basic Materials,Paper and Related Products,YES,44.36,0.99,1888.11,12,4.92,5.72,6.08,,7.76,7.3,0.15
2486,Super Micro Computer,SMCI,NSDQ,Computer and Technology,Computer- Storage Devices,YES,302.05,1.19,15857.62,6,27.64,32.69,,10.76,9.24,,
2491,Summit Therapeutics,SMMT,NSDQ,Medical,Medical - Drugs,YES,2.15,-0.88,1500.02,12,,,,,,,
2492,Shimano,SMNNY,OTC,Consumer Discretionary,Leisure and Recreation Products,NO,17.58,0.6,15902.87,12,17.58,,,,,,
2495,NuScale Power,SMR,NYSE,Computer and Technology,Electronics - Power Generation,YES,7.84,0.78,1783.85,12,,,,-0.62,-0.22,,
2497,Sims Metal Management,SMSMY,OTC,Business Services,Waste Removal Services,NO,10.0,1.5,1931.81,6,,,,,,,
2503,Syndax Pharmaceuticals,SNDX,NSDQ,Medical,Medical - Biomedical and Genetics,YES,21.57,1.11,1484.47,12,,,,-2.47,-2.98,-2.89,
2513,SoFi Technologies,SOFI,NSDQ,Business Services,Technology Services,YES,9.48,1.72,8919.69,12,,,609.43,-0.43,-0.17,0.02,
2516,SUMITOMO CHEMCL,SOMMY,OTC,Basic Materials,Chemical - Diversified ,NO,15.81,0.76,5235.83,3,4.16,,,,,,
2524,Virgin Galactic,SPCE,NYSE,Aerospace,Aerospace - Defense,YES,3.79,1.1,1071.0,12,,,,-1.88,-2.04,-1.71,
2527,Sphere Entertainment Co.,SPHR,NYSE,Consumer Discretionary,Media Conglomerates,YES,36.13,1.32,1248.43,6,,,,-4.49,-0.35,-1.05,
2528,Spark New Zealand,SPKKY,OTC,Utilities,Wireline Non-US,NO,15.82,0.52,5907.19,6,,,,,,,
2532,SiriusPoint,SPNT,NYSE,Finance,Insurance - Multi line,YES,9.1,0.99,1482.89,12,,,,,,,
2533,Spotify Technology,SPOT,NYSE,Business Services,Technology Services,YES,179.17,1.76,34078.13,12,,,,-2.66,-3.02,-0.74,
2535,Spirit Aerosystems,SPR,NYSE,Aerospace,Aerospace - Defense Equipment,YES,28.31,1.64,2978.64,12,,,17.92,-1.63,-1.96,1.58,
2541,,SPY,NYSE,Finance,Financial - Investment Funds,YES,450.84,1.0,430430.47,12,,,,,,,
2552,Sarepta Therapeutics,SRPT,NSDQ,Medical,Medical - Biomedical and Genetics,YES,107.29,0.97,9993.92,12,,,,-8.07,-11.06,-1.6,
2553,SSAB,SSAAY,OTC,Basic Materials,Steel - Producers,NO,3.65,1.33,7517.54,12,3.84,,,0.97,,,
2557,Sasol,SSL,NYSE,Oils-Energy,Oil and Gas - Integrated - International,YES,12.92,2.51,8212.94,6,,3.03,,2.8,4.26,,
2558,Sysmex,SSMXY,OTC,Medical,Medical - Instruments,NO,33.33,0.71,13980.33,3,41.15,35.46,,,0.94,,
2562,SIGNA Sports United,SSU,NYSE,Retail-Wholesale,Internet - Commerce,NO,2.64,-0.11,1023.13,9,,,,-0.9,,,
2572,Stem,STEM,NYSE,Computer and Technology,Computers - IT Services,YES,7.0,1.97,1088.7,12,,,,-0.79,-0.64,-0.36,
2575,,STEW,NYSE,Finance,Financial - Investment Funds,NO,13.47,0.93,1311.08,6,,,,,,,
2598,Suntec Real Estate Investment Trust,SURVF,OTC,Finance,REIT and Equity Trust - Other,NO,0.921,0.52,2615.64,12,,,,,,,
2603,"Savers Value Village, Inc.",SVV,NYSE,Consumer Discretionary,Textile - Apparel,NO,23.63,,3791.5,12,,,,,,,
2611,SpringWorks Therapeutics,SWTX,NSDQ,Medical,Medical - Biomedical and Genetics,YES,29.85,0.53,1866.31,12,,,,-5.23,-4.92,-4.25,
2613,Standex International,SXI,NYSE,Industrial Products,Manufacturing - General Industrial ,YES,140.4,1.18,1671.14,6,21.5,19.2,,6.65,7.31,,2.13
2614,Sensient Technologies,SXT,NYSE,Basic Materials,Chemical - Specialty,YES,67.9,0.87,2868.39,12,21.15,,,,,,
2619,SYMBIOTIC INC,SYM,NSDQ,Business Services,Technology Services,YES,49.49,1.43,27489.7,9,,,268.97,-0.22,-0.28,0.18,
2623,Salzgitter,SZGPY,OTC,Basic Materials,Steel - Producers,NO,3.44,1.43,1860.6,12,2.07,,,2.02,,,
2624,Suzuki Motor,SZKMY,OTC,Auto-Tires-Trucks,Automotive - Foreign,NO,151.05,1.08,18546.92,3,10.9,10.12,,13.62,14.92,,
2627,Takeda Pharmaceutical Co.,TAK,NYSE,Medical,Medical - Drugs,YES,15.27,0.62,48324.2,3,7.91,41.27,,2.1,0.37,,6.5
2628,TAL Education Group,TAL,NYSE,Consumer Discretionary,Schools,YES,6.3,-0.06,4016.8,2,,,70.0,-0.21,-0.11,0.09,
2631,Taro Pharmaceutical Industries,TARO,NYSE,Medical,Medical - Drugs,YES,37.01,0.61,1391.01,3,55.24,29.14,,0.72,1.27,,
2633,Tate & Lyle,TATYY,OTC,Consumer Staples,Food - Miscellaneous,NO,37.96,0.63,3811.79,3,,,,,,,
2641,Tingyi Cayman Islands,TCYMF,OTC,Consumer Staples,Food - Miscellaneous,NO,1.5701,-0.25,8823.96,12,,,,,,,
2646,Teladoc Health,TDOC,NYSE,Medical,Medical Services,YES,24.96,1.09,4085.22,12,,,,-61.29,-1.38,-1.13,
2647,Tidewater,TDW,NYSE,Oils-Energy,Oil and Gas - Integrated - United States,YES,59.44,1.41,3023.39,12,92.88,15.28,7.85,,3.89,7.57,
2660,,TFI,NYSE,Finance,Financial - Investment Funds,YES,46.21,0.16,3860.84,12,,,,,,,
2671,TG Therapeutics,TGTX,NSDQ,Medical,Medical - Products,YES,21.48,2.02,3209.03,12,,,155.01,-1.33,-0.91,0.14,
2675,Thk Co.,THKLY,OTC,Computer and Technology,Semiconductor - General,NO,10.01,1.1,2599.74,12,14.94,16.15,15.64,,0.62,0.64,
2679,Telecom Italia,TIAIY,OTC,Computer and Technology,Wireless Non-US ,NO,2.75,1.21,5873.25,12,,,,,,,
2680,Telecom Italia,TIIAY,OTC,Utilities,Diversified Communication Services,NO,2.89,1.08,6172.25,12,,,28.9,-1.29,0.0,0.1,
2682,Teijin,TINLY,OTC,Consumer Discretionary,Textile - Apparel,NO,10.315,0.37,2041.89,3,,,,,,,
2683,,TIP,NYSE,Finance,Financial - Investment Funds,YES,107.33,0.19,21412.34,12,,,,,,,
2685,ThyssenKrupp,TKAMY,OTC,Basic Materials,Steel - Producers,NO,8.12,1.96,5054.96,9,16.57,,,1.39,,,
2689,Tilray Brands,TLRY,NSDQ,Consumer Staples,Consumer Products - Staples,YES,1.69,2.6,1044.43,5,,,,-0.33,-0.18,-0.1,
2691,,TLT,NSDQ,Finance,Financial - Investment Funds,YES,101.34,0.06,40789.35,12,,,,,,,
2692,Tele2,TLTZY,OTC,Utilities,Wireline Non-US,NO,4.15,0.59,5563.24,12,,,,0.34,,,
2693,Treace Medical Concepts,TMCI,NSDQ,Medical,Medical - Instruments,YES,24.35,-0.04,1492.66,12,,,,-0.84,-0.69,-0.57,
2694,TransMedics Group,TMDX,NSDQ,Medical,Medical - Instruments,YES,94.04,1.46,3061.34,12,,,,-1.3,-0.62,-0.02,
2701,Tenaga Nasional Berhad,TNABY,OTC,Utilities,Utility - Electric Power,NO,7.49,-0.1,10772.64,12,13.62,,,,,,
2702,Tennant,TNC,NYSE,Industrial Products,Manufacturing - General Industrial ,YES,79.77,1.11,1476.56,12,16.55,,,3.9,,,
2703,Tandem Diabetes Care,TNDM,NSDQ,Medical,Medical - Instruments,YES,30.58,0.9,1976.14,12,,,,-0.77,-1.22,-0.66,
2708,Topicus.com Inc.,TOITF,OTC,Computer and Technology,Internet - Software,NO,76.5218,,16202.08,12,107.78,,,,,,
2710,Toast,TOST,NYSE,Computer and Technology,Internet - Software,YES,25.85,1.75,13713.0,12,,,,-0.52,-0.52,-0.43,
2712,Towne Bank,TOWN,NSDQ,Finance,Banks - Southeast,YES,24.84,0.94,1807.01,12,9.52,10.85,10.87,,2.29,2.29,
2718,Tootsie Roll Industries,TR,NYSE,Consumer Staples,Food - Confectionery,YES,34.02,0.09,2392.77,12,31.13,,,,,,
2724,TORM,TRMD,NSDQ,Transportation,Transportation - Shipping,YES,23.51,0.41,1916.06,12,2.76,,,,,,
2734,Terumo,TRUMY,OTC,Medical,Medical - Products,NO,31.66,0.53,23671.63,3,35.98,28.52,24.73,,1.11,1.28,
2735,Trupanion,TRUP,NSDQ,Finance,Insurance - Accident and Health,YES,26.6,1.63,1096.59,12,,,,-1.17,-1.73,-0.83,
2737,Toray Industries,TRYIY,OTC,Industrial Products,Textile - Products,NO,11.06,0.7,9022.09,3,,,,,,,
2741,Tower Semiconductor,TSEM,NSDQ,Computer and Technology,Electronics - Semiconductors,YES,38.37,0.85,4193.27,12,16.05,18.18,,2.41,2.11,,
2746,TravelSky Technology,TSYHY,OTC,Computer and Technology,Computers - IT Services,NO,17.25,0.2,5047.71,12,,,,,,,
2759,Travere Therapeutics,TVTX,NSDQ,Medical,Medical - Biomedical and Genetics,YES,15.87,0.4,1184.03,12,,,,-4.38,-4.5,-2.89,
2764,Two Harbors Investments Corp,TWO,NYSE,Finance,REIT and Equity Trust,YES,13.24,1.76,1279.84,12,7.2,,,2.49,,,
2766,Twist Bioscience,TWST,NSDQ,Medical,Medical - Biomedical and Genetics,YES,24.17,1.24,1381.24,9,,,,-4.42,-3.96,-3.14,
2768,10x Genomics,TXG,NSDQ,Medical,Medical Info Systems,YES,59.0,1.73,6855.33,12,,,,-1.6,-1.42,-0.91,
2772,,TY,NYSE,Finance,Financial - Investment Funds,NO,27.81,0.95,1499.41,12,,,,,,,
2775,Under Armour,UA,NYSE,Consumer Discretionary,Textile - Apparel,YES,7.1,1.6,3156.63,3,12.46,,,,,,
2783,Ultra Clean,UCTT,NSDQ,Computer and Technology,Electronics - Manufacturing Machinery,YES,38.37,1.97,1715.14,12,11.99,,,,,,
2784,Udemy,UDMY,NSDQ,Computer and Technology,Internet - Software,YES,11.61,1.75,1704.05,12,,,995.14,-0.55,-0.21,0.01,
2787,Uranium Energy,UEC,AMEX,Basic Materials,Mining - Miscellaneous,YES,3.17,2.05,1196.77,7,158.5,,,-0.03,0.0,-0.05,
2788,Universal Entertainment,UETMF,OTC,Consumer Discretionary,Gaming,NO,19.47,0.42,1561.4,3,,,,,,,
2790,UFP Technologies,UFPT,NSDQ,Industrial Products,Containers - Paper and Packaging,YES,195.15,0.84,1485.91,12,27.96,,,,,,
2793,U-Haul Holding Company,UHAL,NYSE,Transportation,Transportation - Services,YES,60.4,0.98,11843.1,3,13.02,13.05,,4.98,4.63,,
2814,Upstart,UPST,NSDQ,Computer and Technology,Computers - IT Services,YES,52.91,1.57,4374.12,12,,,83.65,-0.03,-0.42,0.63,
2818,,USA,NYSE,Finance,Financial - Investment Funds,NO,6.75,1.22,1828.28,12,,,,,,,
2822,United States Lime & Minerals,USLM,NSDQ,Construction,Building Products - Concrete and Aggregates,NO,208.4,0.73,1185.8,12,22.01,,,,,,
2825,,USO,NYSE,Finance,Financial - Investment Funds,YES,66.58,0.94,1519.6,12,,,,,,,
2831,Universal,UVV,NYSE,Consumer Staples,Tobacco,YES,49.28,0.7,1213.45,3,13.07,,,,,,
2834,Valaris,VAL,NYSE,Oils-Energy,Oil and Gas - Drilling,YES,69.77,1.22,5245.39,12,32.91,,,,,,
2836,Valneva,VALN,NSDQ,Medical,Medical - Products,NO,15.43,2.71,1071.59,12,,,,-1.18,-0.47,-0.43,
2839,Vericel,VCEL,NSDQ,Medical,Medical - Biomedical and Genetics,YES,38.78,1.78,1844.57,12,,,620.48,-0.46,-0.3,0.06,
2842,Veracyte,VCYT,NSDQ,Medical,Medical - Instruments,YES,29.92,1.34,2166.72,12,,,,-0.61,-0.57,-0.31,
2843,VINDA INTL,VDAHF,OTC,Consumer Discretionary,Consumer Products - Discretionary,NO,2.39,0.44,2875.83,12,,,,,,,
2846,Veolia Environnement,VEOEY,OTC,Utilities,Utility - Water Supply,NO,16.32,1.11,23323.71,12,,9.02,,0.74,1.81,,0.77
2847,VEON,VEON,NSDQ,Utilities,Diversified Communication Services,YES,19.26,1.55,1353.39,12,,,,,,,
2848,Verve Therapeutics,VERV,NSDQ,Medical,Medical - Drugs,YES,19.78,1.58,1224.74,12,,,,-3.02,-3.5,-3.71,
2852,,VFH,NYSE,Finance,Financial - Investment Funds,YES,84.01,1.09,8186.26,12,,,,,,,
2856,Vicor,VICR,NSDQ,Computer and Technology,Electronics - Miscellaneous Components,YES,59.69,1.3,2639.15,12,70.22,,,,,,
2858,Vir Biotechnology,VIR,NSDQ,Medical,Medical - Biomedical and Genetics,YES,23.03,0.2,3086.02,12,,,,4.6,-3.81,-4.71,
2863,Viking Therapeutics,VKTX,NSDQ,Medical,Medical - Biomedical and Genetics,YES,15.48,0.56,1541.53,12,,,,-0.88,-0.9,-1.03,
2865,Volkswagen AG,VLKAF,OTC,Auto-Tires-Trucks,Automotive - Foreign,NO,168.06,1.33,49592.79,12,6.4,,,,,,
2867,Vallourec,VLOWY,OTC,Oils-Energy,Oil and Gas - Speciality - International,NO,2.6,1.83,2976.07,12,,6.34,5.78,,0.41,0.45,
2876,,VNQ,NYSE,Finance,Financial - Investment Funds,YES,85.57,0.91,32984.41,12,,,,,,,
2882,Verona Pharma,VRNA,NSDQ,Medical,Medical - Biomedical and Genetics,YES,21.74,0.17,1717.2,12,,,,-1.13,-1.0,-0.98,
2883,Verano Holdings Corp.,VRNOF,OTC,Medical,Medical - Products,NO,2.99,1.76,1024.21,12,,,32.5,-0.04,-0.01,0.09,
2898,VTEX,VTEX,NYSE,Computer and Technology,Internet - Software,YES,5.33,1.2,1007.33,12,,,533.0,-0.26,-0.09,0.01,
2899,,VTI,NYSE,Finance,Financial - Investment Funds,YES,224.8,1.02,315913.5,12,,,,,,,
2900,"Corporacion Inmobiliaria Vesta, S.A.B. de C.V. Spo",VTMX,NYSE,Finance,Real Estate - Operations,NO,34.72,,28384.12,12,,,,,,,
2904,Ventyx Biosciences,VTYX,NSDQ,Medical,Medical - Biomedical and Genetics,YES,35.53,-0.44,1913.29,12,,,,-1.99,-2.8,-3.3,
2907,,VWO,NYSE,Finance,Financial - Investment Funds,YES,41.98,0.7,75298.74,12,,,,,,,
2910,Wayfair,W,NYSE,Retail-Wholesale,Internet - Commerce,YES,70.6,3.15,7927.77,12,,,,-7.63,-3.06,-1.39,
2913,Wacoal,WACLY,OTC,Consumer Discretionary,Textile - Apparel,NO,98.72,0.25,1203.71,3,,,,,,,
2916,WANdisco,WANSF,OTC,Business Services,Technology Services,NO,15.32,0.66,1026.56,12,,,,-0.29,,,
2920,Warner Bros. Discovery,WBD,NSDQ,Consumer Discretionary,Broadcast Radio and Television,YES,12.31,1.51,29988.48,12,18.65,,57.45,0.09,-0.76,0.21,
2926,Western Digital,WDC,NSDQ,Computer and Technology,Computer- Storage Devices,YES,39.14,1.64,12522.35,6,206.0,,8.67,-3.59,-1.47,4.52,
2928,Woodside Petroleum,WDS,NYSE,Oils-Energy,Oil and Gas - Integrated - International,YES,24.46,1.14,24068.17,12,,,,,,,
2943,Demant,WILYY,OTC,Medical,Medical - Products,NO,19.14,0.56,8572.4,12,,,,,,,
2944,Winmark,WINA,NSDQ,Retail-Wholesale,Retail - Miscellaneous,NO,349.41,0.78,1208.96,12,32.29,,,,,,
2949,Workiva,WK,NYSE,Computer and Technology,Internet - Software,YES,106.03,1.14,5660.97,12,,,302.94,-0.46,-0.11,0.35,
2952,Wilmar International,WLMIY,OTC,Basic Materials,Agriculture - Products,NO,28.18,0.73,17591.61,12,,,,,,,
2953,Woolworths,WLWHY,OTC,Retail-Wholesale,Retail - Apparel and Shoes,NO,4.2,0.7,4152.52,6,,,,,,,
2954,John Wiley & Sons,WLY,NYSE,Consumer Staples,Publishing - Books,YES,34.81,0.99,1924.34,4,9.02,15.65,,3.42,2.22,,
2955,John Wiley & Sons,WLYB,NYSE,Consumer Staples,Publishing - Books,NO,34.22,0.87,1891.72,4,8.87,,,,,,
2962,George Weston,WNGRF,OTC,Consumer Staples,Food - Miscellaneous,NO,116.62,0.54,16189.22,12,15.51,,,,,,
2964,Wolfspeed,WOLF,NYSE,Computer and Technology,Semiconductor - Discretes,YES,66.76,1.52,8309.9,6,,,184.71,-0.48,-0.8,0.36,
2978,Watsco,WSO.B,NYSE,Construction,Building Products - Air Conditioner and Heating,NO,362.36,0.73,14115.94,12,25.63,,,,,,
2983,White Mountains Insurance Group,WTM,NYSE,Finance,Insurance - Property and Casualty,NO,1523.39,0.4,3905.03,12,,,,,,,
2995,Wynn Macau,WYNMF,OTC,Consumer Discretionary,Gaming,NO,1.01,0.69,5287.79,12,,,,-0.18,,,
2998,,XBI,NYSE,Finance,Financial - Investment Funds,YES,85.76,0.94,6496.32,12,,,,,,,
3000,Xenon Pharmaceuticals,XENE,NSDQ,Medical,Medical - Biomedical and Genetics,YES,39.12,1.4,2486.56,12,,,,-2.1,-2.79,-3.22,
3002,,XLB,NYSE,Finance,Financial - Investment Funds,YES,83.34,1.07,5947.98,12,,,,,,,
3003,,XLF,NYSE,Finance,Financial - Investment Funds,YES,34.58,1.07,33857.28,12,,,,,,,
3004,,XLU,NYSE,Finance,Financial - Investment Funds,YES,66.08,0.52,15483.87,12,,,,,,,
3005,,XLY,NYSE,Finance,Financial - Investment Funds,YES,175.63,1.19,17457.62,12,,,,,,,
3006,,XME,NYSE,Finance,Financial - Investment Funds,YES,51.76,1.49,1871.12,12,,,,,,,
3007,Xometry,XMTR,NSDQ,Industrial Products,Manufacturing - General Industrial ,YES,24.03,-0.07,1085.39,12,,,109.23,-0.77,-0.62,0.22,
3008,Xencor,XNCR,NSDQ,Medical,Medical - Drugs,YES,24.53,0.72,1481.39,12,,,,-1.62,-3.21,-3.21,
3009,ENN Energy,XNGSY,OTC,Utilities,Utility - Gas Distribution,NO,46.83,0.67,13243.51,12,,,,3.64,,,
3013,XPeng,XPEV,NYSE,Auto-Tires-Trucks,Automotive - Foreign,YES,14.07,3.17,12127.77,12,,,,-1.45,-1.41,-1.11,
3019,Xtep International,XTEPY,OTC,Consumer Discretionary,Shoes and Retail Apparel ,NO,100.25,0.32,2643.31,12,,,,5.23,,,
3020,Xinyi Glass,XYIGF,OTC,Industrial Products,Glass Products,NO,1.606,0.93,6593.95,12,,,,0.14,,,
3027,Full Truck Alliance,YMM,NYSE,Business Services,Technology Services,YES,7.32,0.14,8093.9,12,30.5,3.5,2.42,,2.09,3.03,
3028,Yandex,YNDX,NSDQ,Computer and Technology,Internet - Content,YES,18.94,1.02,6846.48,12,21.52,,,,,,
3035,Yankuang Energy Group Company Limited Sponsored AD,YZCAY,OTC,Oils-Energy,Alternative Energy - Other,NO,23.38,0.51,11395.84,12,,,,10.35,,,
3036,Zillow Group Class C,Z,NSDQ,Finance,Real Estate - Operations,YES,53.75,1.63,12578.49,12,38.12,,,,,,
3044,ZIM Integrated Shipping Services,ZIM,NYSE,Transportation,Transportation - Shipping,YES,12.8,1.96,1538.36,12,0.54,,,37.23,-3.04,-3.1,
3047,Zai Lab Limited,ZLAB,NSDQ,Medical,Medical - Biomedical and Genetics,YES,27.64,1.07,2719.47,12,,,,-4.93,-3.09,-2.21,
3048,Zealand Pharma AS,ZLDPF,OTC,Medical,Medical - Biomedical and Genetics,NO,33.86,0.63,1744.24,12,,,,-2.86,-2.09,-1.98,
3051,Zentalis Pharmaceuticals,ZNTL,NSDQ,Medical,Medical - Biomedical and Genetics,YES,27.51,1.81,1636.43,12,,,,-4.63,-4.32,-4.5,
